elan_id,marka,model,buraxilis_ili,muherrik_hecmi,yurus_km,yanacaq,suretler_qutusu,ban_novu,reng,seher,vuruq,rengelenib,sahib_sayi,elan_tarixi,qiymet_azn
100348,Chevrolet,Captiva,2008,1.6,336416,Benzin,Avtomat,Sedan,Qırmızı,Bakı,Xeyr,Xeyr,3,07.05.2026,4768
100336,Nissan,Qashqai,2007,3.0,405224,Benzin,Avtomat,Hetçbek,Ağ,BAKI,Xeyr,Xeyr,,09/05/2026,6625 AZN
100134,Hyundai,Santa Fe,2020,3.0,,Dizel,Mexaniki,Hetçbek,Qara,Bakı ,Xeyr,Xeyr,4+,2026-08-01,27471
100374,LADA,Priora,2010,1.5,169674,Benzin,Avtomat,Offroader,Boz,Sumqayıt,Xeyr,Bəli,,2026-01-10,3209
100435,Opel,Astra,2009,0.0,257022,Elektro,Avtomat,Hetçbek,Qəhvəyi,  Bakı ,Xeyr,Xeyr,1,2026-06-14,8137
100585,Nissan,Sunny,2013,1.5,188594,Qaz,Avtomat,Sedan,Ağ,Bakı,yoxdur,BƏLİ,,2026-08-03,8 364
100942,Toyota,RAV4,2007,2.4,345512,Dizel,Mexaniki,Universal,Yaşıl,Bakı,XEYR,xeyr,2,2026-02-28,6541
100066,Hyundai,Sonata,2002,2.0,381865 km,Benzin,Avtomat,,Mavi,Bakı,Bəli,Bəli,1,2026-05-04,2200
100626,Opel,Vectra,2016,2.0,145047,Benzin,Avtomat,,Yaşıl,Gəncə,XEYR,yoxdur,4+,2026-04-09,18252
100213, BMW,116,2004,1.5,314572 km,Benzin,Mexaniki,Furqon,Qırmızı,Sumqayıt,Xeyr,Xeyr,1,2026-05-06,3801
100251,Chevrolet,Aveo,2003,2.4,452035,Dizel,Avtomat,Universal,Qəhvəyi,  Sumqayıt ,Bəli,Xeyr,2,2026-01-13,2200
100998,Chevrolet,Aveo,2008,3.0,302968,Dizel,Mexaniki,Sedan,,Naxçıvan,Bəli,Xeyr,1,2026-07-23,"4,822"
100724,Mercedes,Vito,2019,1.6,115577,Benzin,Mexaniki,Sedan,Yaşıl,Quba,Xeyr,Bəli,1,05.04.2026,"23,129"
100682,Mercedes,S 500,2017,3.0,138105,Benzin,Mexaniki,Hetçbek,Qara,Bakı,yoxdur,XEYR,3,2026-03-07,33824 AZN
100616,LADA,Niva,2023,1.5,48970,Dizel,Avtomat,Furqon,Gümüşü,Bakı,Xeyr,Xeyr,3,2026-05-30,14160
100290,Nissan,Qashqai,2012,3.0,200255,Qaz,Avtomat,Furqon,Qırmızı,Bakı,Bəli,Xeyr,2,2026-02-14,7148
100148,Nissan,Patrol,2011,2.0,218025,Benzin,Mexaniki,Offroader,Ağ,Bakı,Bəli,Xeyr,,02.01.2026,"7,540"
100991,BMW,520,20,3.5,286705,Benzin,Avtomat,Sedan,Ağ,Gəncə,Xeyr,Bəli,,04/05/2026,7841
100040, Chevrolet,Aveo,2012,4.0,136227,Benzin,Avtomat,Sedan,Yaşıl,Lənkəran,Xeyr,,2,2026-07-01,13 636
100544,BMW,730,2002,1.4,340461 km,Benzin,Robot,Sedan,Qırmızı,Sumqayıt,Xeyr,Bəli,4+,2026-04-16,"3,348"
100634,BMW,X5,2013,2.0,209935 km,Benzin,Avtomat,Offroader,Qara,Bakı,Xeyr,Bəli,1,2026-08-26,16264
100431,Toyota,Prado,2005,3.0,429317,Hibrid,Robot,Universal,Qəhvəyi,Bakı,Xeyr,Xeyr,4+,2026-04-01,5102 AZN
100938,Mercedes,Vito,2018,2.4,178375,Dizel,Mexaniki,,,Xaçmaz,Xeyr,Bəli,1,14.07.2026,28859
100425,BMW,320,2013,1.6,133100,Dizel,Mexaniki,Sedan,Mavi,Bakı ,Xeyr,Bəli,1,2026-04-06,13322
100983,Toyota,RAV4,2018,2.0,139454,Benzin,Mexaniki,Offroader,,Bakı,Xeyr,Bəli,1,18/08/2026,25131
100797,Chevrolet,Captiva,2012,1.8,253734,Benzin,Robot,Sedan,Boz,BAKI,Xeyr,Bəli,1,2026-03-04,6719
100488,Nissan,Patrol,2009,4.0,310120,Benzin,Mexaniki,Offroader,Boz,Bakı,Xeyr,Bəli,3,13.05.2026,10971
100057,Mercedes,Vito,2009,3.0,288652,Dizel,Mexaniki,Offroader,Qəhvəyi,Naxçıvan ,XEYR,xeyr,1,2026-04-07,"13,900"
100052,Opel,Zafira,2013,1.6,220844,Benzin,Mexaniki,Universal,Gümüşü,Bərdə,Xeyr,Bəli,4+,2026-04-15,6701
100316,HYUNDAI,Santa Fe,2016,2.0,222975 km,Dizel,Avtomat,Sedan,Yaşıl,Bakı,Xeyr,Bəli,2,2026-03-17,"14,056"
100058,Kia,Sportage,2018,1.8,139206,Benzin,Avtomat,Hetçbek,Ağ,Bakı,Xeyr,Bəli,1,2026-07-22,20161
100015,Ford,Kuga,2003,4.0,476571,Hibrid,Robot,Hetçbek,,Bakı,Xeyr,Bəli,4+,2026-01-01,"3,200"
100575,Chevrolet,Captiva,2017,1.8,150868,Benzin,Avtomat,Offroader,Boz,MINGƏÇEVIR,Xeyr,Xeyr,3,28.05.2026,21 780
100985,Ford,Transit,2003,3.5,402105,Benzin,Robot,Hetçbek,Yaşıl,Lənkəran,Xeyr,Xeyr,1,2026-01-19,3619
100123,Hyundai,Sonata,2000,1.5,459644,Benzin,Avtomat,Sedan,Qəhvəyi,naxçıvan,Xeyr,Xeyr,1,25/03/2026,2200 AZN
100881,Ford,Focus,2018,3.5,79509,Benzin,Variator,Sedan,Qara,Bakı,Xeyr,Xeyr,,2026-04-05,29059 AZN
100807,Mercedes,GLE 350,2022,3.0,151167 km,Benzin,Mexaniki,Sedan,Qırmızı,lənkəran,Xeyr,Bəli,3,03.07.2026,41 934
100728,hyundai,Tucson,2012,1.5,270435,Qaz,Mexaniki,Offroader,Qəhvəyi,Şirvan,Xeyr,Bəli,4+,04/03/2026,8974
100916,Opel,Astra,2001,2.0,439514 km,Benzin,Avtomat,Sedan,,Gəncə,Xeyr,Xeyr,1,03.08.2026,2200
100826,FORD,Mondeo,2003,2.4,425621,Benzin,Robot,Universal,Boz,BAKI,Xeyr,Xeyr,1,2026-07-28,2579
100074,Chevrolet,Captiva,2011,2.0,282867,Benzin,Avtomat,Offroader,Ağ,Mingəçevir,Bəli,Xeyr,1,2026-01-08,7 372
100801,Chevrolet,Malibu,2009,4.0,235804,Dizel,Avtomat,Sedan,Qara,Bakı,Xeyr,Bəli,3,26/06/2026,7780
100900,opel,Astra,2010,4.0,246581,Benzin,Avtomat,Sedan,,  Gəncə ,Xeyr,Bəli,2,30/06/2026,7938
100381,toyota,Yaris,2006,4.0,325943 km,Benzin,Robot,Sedan,Qəhvəyi,Bakı,Xeyr,Xeyr,4+,2026-05-17,6460
100266,Mercedes,GLE 350,2000,1.5,420990,Benzin,Avtomat,Sedan,Qırmızı,Gəncə,yoxdur,var,1,2026-01-08,2711
100147,Mercedes,GLE 350,2020,3.5,94949,Benzin,Avtomat,Offroader,Boz,Bakı ,Xeyr,Xeyr,1,2026-07-05,68078
100909,LADA,Niva,2013,1.7,200305,Benzin,Avtomat,Hetçbek,Gümüşü,Bakı,Bəli,Xeyr,2,2026-02-23,3497
100184,Ford,Transit,2006,3.5,,Benzin,Mexaniki,Sedan,Ağ,Şirvan,Xeyr,Xeyr,1,2026-06-13,5003
100599,Hyundai,Tucson,2022,2.0,97259,Benzin,Mexaniki,Sedan,Qırmızı,Bakı,xeyr,xeyr,2,2026-08-25,30682
100970,LADA,2107,2009,1.7,230846,Dizel,Mexaniki,Hetçbek,Yaşıl,Bakı,Bəli,Xeyr,1,2026-04-05,2200
100795,Ford,Mondeo,2004,1.6,371022,Dizel,Mexaniki,Offroader,Qara,Bakı,Xeyr,Bəli,2,08.06.2026,3 138
100928,Kia,Optima,2006,2.4,250607,Dizel,Avtomat,Offroader,Qəhvəyi,Bakı,Bəli,Xeyr,1,2026-07-17,4645
100183,Ford,Fusion,2016,3.5,164752 km,Benzin,Mexaniki,Sedan,Qara,Bakı,Xeyr,Bəli,1,07.01.2026,18343
100450,Opel,Corsa,2019,4.0,200069 km,Dizel,Avtomat,Furqon,Gümüşü,Bakı,Xeyr,Xeyr,1,2026-05-29,21440
100586,LADA,Vesta,2016,1.7,233373 km,Qaz,Avtomat,Offroader,Gümüşü,bakı,XEYR,yoxdur,1,2026-06-17,6893
100750,Opel,Corsa,2021,3.0,73682,Dizel,Avtomat,Offroader,Ağ,Bakı,Xeyr,Xeyr,2,2026-03-27,37541
100342,Toyota,RAV4,2016,1.4,238193,Hibrid,Variator,Sedan,Boz,Mingəçevir ,Xeyr,Bəli,4+,06/05/2026,17975 AZN
100358,LADA,Granta,2013,1.7,202117,Qaz,Mexaniki,Sedan,Qara,Bakı,Xeyr,Xeyr,,2026-03-19,3544
100166, Kia,Rio,2008,1.5,296871,Benzin,Avtomat,Sedan,,Xaçmaz,Xeyr,Xeyr,2,2026-04-20,5085
100696,Nissan,Juke,2003,1.6,404976,Benzin,Avtomat,Hetçbek,Boz,BAKI,Xeyr,Xeyr,,2026-06-20,2813
100720,Nissan,Juke,1998,2.0,542909,Benzin,Avtomat,Sedan,,BAKI,Xeyr,Xeyr,1,2026-06-13,2200
100954,LADA,Granta,2003,1.7,365551,Benzin,Mexaniki,Offroader,Mavi,Bakı ,XEYR,XEYR,1,2026-03-11,2200
100448,Nissan,Sunny,2014,1.8,224574,Benzin,Avtomat,Sedan,Boz,Lənkəran,Xeyr,Xeyr,4+,2026-08-20,12 623
100195,Nissan,Qashqai,2000,1.8,485541 km,Dizel,Avtomat,Kupe,Qara,Gəncə,Xeyr,Xeyr,1,2026-01-16,"2,354"
100819,LADA,Niva,2014,1.5,251982,Dizel,Variator,Sedan,Qəhvəyi,Mingəçevir,xeyr,yoxdur,1,20/02/2026,4199
100179,LADA,Priora,1998,1.6,341627,Benzin,Variator,Universal,Qırmızı,Bakı,Bəli,Xeyr,,2026-04-06,2200
100252,LADA,Priora,2018,1.7,154358 km,Dizel,Robot,Offroader,Gümüşü,Mingəçevir,Xeyr,Xeyr,2,2026-05-10,9 997
100121,Opel,Zafira,2013,3.0,247203,Dizel,Avtomat,Hetçbek,Mavi,Bakı,Xeyr,Xeyr,1,2026-08-12,11449
100866,BMW,730,2011,3.0,236614,Benzin,Avtomat,,Gümüşü,Gəncə,Xeyr,Bəli,2,2026-02-15,14869
100834,Kia,Sorento,2006,1.8,372451,Benzin,Mexaniki,Sedan,Qara,Mingəçevir,Xeyr,Xeyr,2,2026-03-06,3485
100478,Opel,Astra,2006,4.0,257647,Benzin,Avtomat,Hetçbek,Boz,BAKI,Xeyr,Xeyr,2,2026-08-20,5145
100735,BMW,X5,2011,1.8,282903 km,Qaz,Variator,Hetçbek,Boz,Sumqayıt,Xeyr,Xeyr,3,2026-01-08,10600
100531,Nissan,Juke,2015,2.5,128434,Benzin,Mexaniki,Offroader,Boz,Bakı,Xeyr,Bəli,,2026-08-16,17464
100674,LADA,Granta,2014,1.7,242320,Benzin,Variator,Sedan,Ağ,Sumqayıt,Xeyr,Xeyr,2,2026-07-28,4415 AZN
100126,lada,2107,2009,1.6,408387 km,Hibrid,Mexaniki,Sedan,Qırmızı,salyan,Xeyr,Bəli,2,2026-02-24,2236
100203,Kia,Cerato,2009,3.5,244382,Benzin,Avtomat,Sedan,Qırmızı,  Bakı ,Bəli,Xeyr,3,2026-02-10,8052
100837,Ford,Kuga,2010,1.8,238368,Benzin,Mexaniki,Offroader,Mavi,Bakı,bəli,yoxdur,3,2026-05-21,6224 AZN
100583,LADA,Priora,2007,1.5,292566,Benzin,Avtomat,Hetçbek,Qara,Şirvan,Bəli,,1,2026-04-05,2 200
100146,Hyundai,Tucson,2009,2.5,283693,Benzin,Mexaniki,Hetçbek,Mavi,Quba,Xeyr,Xeyr,2,2026-02-07,6492
100128,BMW,730,2023,1.6,27931 km,Benzin,Variator,Universal,Qəhvəyi,Sumqayıt,Xeyr,,1,2026-07-16,"44,103"
100906,Opel,Vectra,2016,0.0,126946 km,Elektro,Mexaniki,Sedan,Ağ,Bakı,Xeyr,Bəli,1,2026-02-25,16970
100994,Opel,Insignia,2013,2.0,204664,Dizel,Avtomat,Sedan,Ağ,Lənkəran ,Xeyr,Xeyr,1,2026-02-28,7 984
100105,BMW,X5,2014,2.0,136525,Benzin,Avtomat,Sedan,,GƏNCƏ,Xeyr,Xeyr,3,21.06.2026,17263
100335,Nissan,Qashqai,1999,4.0,363915,Benzin,Mexaniki,Universal,Qəhvəyi,Naxçıvan,Xeyr,Xeyr,2,26.08.2026,2846
100980,Hyundai,Santa Fe,2008,2.4,253026 km,Benzin,Mexaniki,Hetçbek,Qırmızı,Bakı,Xeyr,Xeyr,3,05/03/2026,7078
100437,Mercedes,E 200,2017,2.5,100452,Benzin,Mexaniki,Sedan,,şirvan,Xeyr,Xeyr,2,17.03.2026,"28,501"
100796,Toyota,Yaris,2013,1.5,223161,Benzin,Mexaniki,Furqon,Mavi,Gəncə,Xeyr,Xeyr,,2026-01-06,10623
100526,Hyundai,Elantra,2009,1.5,291585 km,Benzin,Mexaniki,Sedan,,Bakı,XEYR,var,1,2026-02-20,4483
100417,Toyota,RAV4,2013,1.8,202306 km,Benzin,Mexaniki,Offroader,Boz,  Şirvan ,Xeyr,Xeyr,1,2026-06-23,16297 AZN
100006,Hyundai,Elantra,2006,3.5,332821 km,Qaz,Avtomat,Offroader,Yaşıl,NAXÇIVAN,Xeyr,Xeyr,1,18/05/2026,7 359
100691,Nissan,Juke,2020,2.0,55395,Benzin,Avtomat,Sedan,Ağ,Salyan,XEYR,BƏLİ,,2026-03-04,26265
100857,HYUNDAI,Santa Fe,2025,1.8,0,Benzin,Mexaniki,Universal,Yaşıl,Mingəçevir,yoxdur,bəli,3,2026-04-05,38907 AZN
100273,Hyundai,Santa Fe,2006,0.0,286582,Elektro,Avtomat,Hetçbek,Mavi,Bakı,Bəli,Xeyr,3,09/05/2026,4847
100560,Ford,Transit,2011,,245880,Hibrid,Variator,Sedan,,Bakı,BƏLİ,XEYR,,2026-02-01,8837 AZN
100322,LADA,Granta,2005,1.5,285034 km,Benzin,Variator,Offroader,Yaşıl,Mingəçevir,Xeyr,Xeyr,2,2026-04-20,2200
100887,Hyundai,Accent,2003,4.0,297778,Hibrid,Robot,Sedan,Boz,Bakı,Xeyr,Xeyr,1,2026-02-16,5490 AZN
100838,Kia,Rio,2014,2.0,214186,Dizel,Avtomat,Hetçbek,Yaşıl,Sumqayıt,Bəli,Xeyr,1,29.01.2026,9575
100587,BMW,730,2007,,343021,Benzin,Variator,Sedan,,Bakı,Xeyr,Bəli,4+,2026-05-17,5080
100464,Hyundai,Accent,2004,2.0,375796,Dizel,Avtomat,Sedan,Mavi,Bakı,Xeyr,Bəli,3,2026-08-26,"3,448"
100602,Kia,Optima,2012,2.0,250575,Benzin,Avtomat,Hetçbek,Gümüşü,  Bakı ,XEYR,xeyr,3,2026-01-29,10104
100509, Mercedes,E 200,2017,3.0,245352,Benzin,Avtomat,Hetçbek,Mavi,GƏNCƏ,Bəli,Bəli,,2026-03-24,999999
100609,Kia,Sportage,2008,1.5,272745,Dizel,Avtomat,Sedan,Mavi,Mingəçevir,Xeyr,Xeyr,,2026-05-30,"5,181"
100222,BMW,116,2016,2.0,9999999,Benzin,Avtomat,Offroader,Boz,  Bakı ,Bəli,Xeyr,2,06/04/2026,24792
100099,BMW,X5,2007,1.5,367859,Dizel,Avtomat,Sedan,Qəhvəyi,GƏNCƏ,Xeyr,Xeyr,1,2026-04-20,5 581
100446,Ford,Kuga,2018,3.5,150716 km,Benzin,Mexaniki,Hetçbek,Qəhvəyi,BAKI,Xeyr,Bəli,3,2026-08-28,22842
100849,BMW,520,2009,4.0,273512,Dizel,Mexaniki,Sedan,Qəhvəyi,Şəki,XEYR,xeyr,4+,2026-06-10,13286
100833,Kia,Cerato,2018,3.0,53408 km,Dizel,Avtomat,Offroader,Qırmızı,Bakı,Xeyr,Xeyr,2,2026-05-03,35178
100968,toyota,Corolla,2011,1.4,229247 km,Benzin,Avtomat,Offroader,Gümüşü,Bakı,Xeyr,Xeyr,3,27/04/2026,11694
100476,BMW,520,2002,3.5,396572,Benzin,Mexaniki,Sedan,Ağ,Bakı,Xeyr,Xeyr,2,2026-08-11,4761
100956,LADA,Niva,2012,1.5,255394 km,Benzin,Variator,Offroader,Qəhvəyi,Gəncə,Xeyr,Xeyr,1,2026-04-03,3931
100420,Ford,Kuga,2002,1.8,394315,Benzin,Variator,Offroader,Mavi,Bakı,Bəli,Bəli,1,2026-08-23,2200
100170,Hyundai,Sonata,2013,2.4,280516,Benzin,Mexaniki,Offroader,Gümüşü,Gəncə,yoxdur,xeyr,1,2026-01-14,12666
100979,Ford,Transit,2013,3.0,5,Benzin,Mexaniki,Offroader,Qırmızı,LƏNKƏRAN,XEYR,xeyr,3,2026-03-11,12660
100872,Nissan,Qashqai,2012,1.4,239184,Hibrid,Avtomat,Sedan,Ağ,Lənkəran,xeyr,XEYR,,2026-05-11,12 077
100097,Kia,Sportage,2020,2.4,152189,Benzin,Variator,Sedan,Ağ,  Bakı ,Xeyr,Bəli,1,2026-01-10,21237 AZN
100300,Toyota,Prado,2011,4.0,326195 km,Benzin,Mexaniki,Sedan,Mavi,GƏNCƏ,Bəli,Xeyr,1,11/08/2026,8589 AZN
100384,Opel,Vectra,2021,4.0,9846,Benzin,Variator,Sedan,Gümüşü,Bakı,Xeyr,,3,2026-01-29,32437
100315,Kia,Sorento,2004,1.5,374425 km,Dizel,Avtomat,Furqon,Ağ,Bakı,Xeyr,Bəli,3,01/03/2026,2200
100413,BMW,X5,2005,2.0,363308 km,Benzin,Mexaniki,Sedan,,Bakı,yoxdur,bəli,,2026-02-14,4302 AZN
100937,hyundai,Accent,1998,3.5,462168 km,Benzin,Avtomat,Offroader,Qəhvəyi,gəncə,Xeyr,Xeyr,4+,2026-03-31,2670
100578,kia,Rio,2007,3.5,407956,Benzin,Mexaniki,Offroader,Yaşıl,Bakı,Xeyr,Xeyr,2,2026-08-28,7015
100206,LADA,Vesta,2009,1.5,248884,Dizel,Avtomat,Sedan,Mavi,Bakı,Xeyr,Bəli,1,2026-05-15,2200
100609,Kia,Sportage,2008,1.5,272745,Dizel,Avtomat,Sedan,Mavi,Mingəçevir,Xeyr,Xeyr,,2026-05-30,"5,181"
100800,Chevrolet,Aveo,2017,1.4,139905,Benzin,Mexaniki,Offroader,Qəhvəyi,bakı,Xeyr,Xeyr,1,2026-07-12,17 851
100544,BMW,730,2002,1.4,340461 km,Benzin,Robot,Sedan,Qırmızı,Sumqayıt,Xeyr,Bəli,4+,2026-04-16,"3,348"
100845,LADA,Granta,2014,1.5,144306 km,Benzin,Robot,Hetçbek,Mavi,Naxçıvan,Bəli,Xeyr,3,10.06.2026,3467 AZN
100647, Opel,Corsa,2009,3.5,284123 km,Dizel,Mexaniki,Sedan,Gümüşü,Bakı ,Bəli,Bəli,3,2026-03-23,4 750
100503,Ford,Kuga,2011,3.0,219283 km,Benzin,Robot,Sedan,Yaşıl,Bakı,Xeyr,Xeyr,1,26/01/2026,8347
100810,Opel,Corsa,2016,1.8,153022 km,Benzin,Mexaniki,Hetçbek,,bakı,Xeyr,,2,2026-05-04,11157
100483,Opel,Vectra,2013,2.0,214044,Benzin,Avtomat,Sedan,Qəhvəyi,Bakı,Xeyr,Bəli,1,2026-01-13,7531
100676,Toyota,Camry,2014,3.5,140541,Dizel,Avtomat,Universal,Qara,Bakı,BƏLİ,xeyr,,2026-04-26,"17,723"
100451,Opel,Insignia,2007,1.5,324720,Dizel,Avtomat,Offroader,Yaşıl,Lənkəran,XEYR,bəli,1,2026-02-24,3671
100196,Kia,Optima,2006,2.0,307217,Qaz,Robot,Sedan,Mavi,Bakı,Xeyr,Xeyr,1,2026-05-30,"4,223"
100931,Chevrolet,Aveo,2010,3.5,230800,Benzin,Avtomat,Hetçbek,Qəhvəyi,Sumqayıt,Xeyr,Bəli,1,2026-02-05,7889
100625,Opel,Astra,2016,1.6,,Benzin,Avtomat,Hetçbek,Qəhvəyi,lənkəran,Xeyr,Xeyr,3,24/03/2026,10900
100756,Opel,Vectra,2005,2.5,319922,Benzin,Avtomat,Sedan,Qara,Bərdə,XEYR,var,1,2026-04-28,2985 AZN
100598,Nissan,Qashqai,2013,1.6,299984,Dizel,Robot,Offroader,Boz,Bakı,Xeyr,Xeyr,1,07.05.2026,9841
100989,Nissan,Juke,2008,1.8,358106,Benzin,Avtomat,Sedan,Ağ,Bakı,bəli,XEYR,1,2026-06-18,4417
100510,Hyundai,Accent,2022,2.0,67316,Benzin,Mexaniki,,Ağ,gəncə,Xeyr,Xeyr,1,2026-06-28,"40,334"
100157,BMW,320,2005,2.5,306482,Benzin,Avtomat,Offroader,Mavi,Naxçıvan,Xeyr,Xeyr,3,2026-05-24,8 601
100067, Opel,Zafira,2016,2.0,186904 km,Benzin,Mexaniki,Sedan,Yaşıl,Salyan,Xeyr,Xeyr,3,2026-05-18,"10,208"
100704,LADA,Vesta,2006,1.5,387602 km,Benzin,Avtomat,Offroader,,Bakı,Xeyr,Bəli,,2026-02-18,2200
100844,Toyota,RAV4,2003,3.5,322254,Hibrid,Avtomat,Sedan,Qırmızı,Şirvan,Xeyr,Xeyr,1,2026-06-10,5718
100166, Kia,Rio,2008,1.5,296871,Benzin,Avtomat,Sedan,,Xaçmaz,Xeyr,Xeyr,2,2026-04-20,5085
100830, Kia,Rio,2001,1.8,,Qaz,Mexaniki,Sedan,Yaşıl,Lənkəran,Xeyr,Xeyr,2,2026-07-27,2200 AZN
100973,Toyota,Camry,2019,1.5,114814,Benzin,Avtomat,Offroader,Yaşıl,Bakı,Xeyr,Bəli,2,2026-08-11,25563
100990,Opel,Zafira,2011,2.0,214889,Dizel,Mexaniki,Offroader,Gümüşü,Bakı,Xeyr,Bəli,2,2026-03-27,7280
100217,Opel,Insignia,2019,2.5,105373,Qaz,Avtomat,Offroader,Gümüşü,Bakı,Xeyr,Xeyr,4+,2026-07-26,26807 AZN
100456,Kia,Rio,2017,2.0,228080,Benzin,Avtomat,Offroader,Mavi,Bakı,xeyr,xeyr,2,2026-07-22,21088
100768,Hyundai,Elantra,2008,3.0,355047 km,Benzin,Avtomat,Offroader,Qara,Gəncə,Xeyr,,1,2026-02-17,8 783
100214,BMW,X5,1997,1.5,599358 km,Benzin,Mexaniki,Offroader,Boz,bakı,Xeyr,Xeyr,4+,30/01/2026,2200
100228,opel,Zafira,2018,,150056,Dizel,Variator,Offroader,Boz,bakı,Xeyr,Bəli,3,03/06/2026,18712
100540,BMW,320,2020,2.4,121982,Benzin,Avtomat,Offroader,Qara,Bakı,Xeyr,Xeyr,1,11.04.2026,54272
100350,LADA,2107,2008,1.5,315793 km,Benzin,Variator,Sedan,Qırmızı,Gəncə,Xeyr,Xeyr,3,2026-04-27,"2,200"
100298,Hyundai,Accent,2005,1.6,334289 km,Hibrid,Mexaniki,Hetçbek,Qırmızı,Lənkəran ,Xeyr,Bəli,1,2026-07-09,4086
100999,Chevrolet,Aveo,2022,1.5,71817,Benzin,Mexaniki,Offroader,Qara,Bakı,Xeyr,Bəli,1,15.02.2026,24794 AZN
100392,Nissan,Juke,2011,4.0,0,Qaz,Avtomat,Hetçbek,Boz,Xaçmaz,Xeyr,Xeyr,2,2026-08-24,12655
100211,Kia,Cerato,2009,2.4,330329,Qaz,Mexaniki,Offroader,Gümüşü,Bakı,Xeyr,Xeyr,1,2026-01-27,6456
100035,Hyundai,Santa Fe,2017,1.8,117169,Benzin,Avtomat,Offroader,Yaşıl,Mingəçevir,Bəli,Bəli,,21/08/2026,16625
100621,LADA,Niva,2018,1.5,,Qaz,Mexaniki,Sedan,Qəhvəyi,Bakı,Xeyr,Xeyr,2,2026-07-31,5722
100352,Toyota,Camry,2013,1.5,181534,Benzin,Variator,Offroader,Qara,BAKI,Xeyr,Bəli,4+,05.06.2026,12854
100271,Opel,Vectra,1997,1.8,508780,Dizel,Avtomat,Sedan,Mavi,NAXÇIVAN,xeyr,XEYR,1,2026-02-14,2 200
100499,Opel,Zafira,2019,1.8,149136,Benzin,Avtomat,Sedan,Ağ,Bakı,Xeyr,Xeyr,4+,2026-05-02,18974
100851,Hyundai,Tucson,2009,,275884,Benzin,Mexaniki,Offroader,Gümüşü,Bakı,Xeyr,Xeyr,1,2026-03-31,1
100971,Ford,Focus,2013,2.4,192904,Benzin,Avtomat,Hetçbek,Boz,Bakı,Xeyr,Xeyr,3,2026-07-11,12677
100410,Kia,Sorento,2014,3.0,127891 km,Qaz,Avtomat,Sedan,Qara,Bakı,Bəli,Xeyr,1,2026-01-20,10868
100474,Toyota,Corolla,2012,1.4,198095 km,Benzin,Avtomat,Sedan,Qəhvəyi,Sumqayıt,Xeyr,Xeyr,1,2026-05-09,9984
100831,Ford,Fusion,2009,1.5,291527,Benzin,Avtomat,Sedan,Qırmızı,  Gəncə ,Xeyr,Xeyr,1,2026-07-08,5 625
100514,BMW,520,2014,3.5,201485 km,Dizel,Mexaniki,Sedan,Gümüşü,Mingəçevir,Xeyr,Bəli,3,2026-07-06,1234567
100953,Nissan,Sunny,2007,2.4,308943 km,Benzin,Mexaniki,Hetçbek,,bakı,Xeyr,Bəli,2,29/04/2026,4666
100163,OPEL,Corsa,2012,2.0,213369 km,Benzin,Robot,Sedan,Boz,Sumqayıt,XEYR,yoxdur,,2026-06-23,"8,328"
100044,LADA,Niva,2010,1.6,277436 km,Benzin,Avtomat,Sedan,Boz,BAKI,Xeyr,Xeyr,2,17.02.2026,3154 AZN
100620,Mercedes,E 200,2016,4.0,177355 km,Hibrid,Avtomat,Hetçbek,Qırmızı,Bakı,Xeyr,Xeyr,,28.01.2026,"43,639"
100389,Opel,Zafira,2014,2.4,348319 km,Dizel,Avtomat,Universal,Mavi,Bakı,Xeyr,Bəli,2,2026-01-11,7421 AZN
100952,Mercedes,S 500,2020,2.0,16014,Benzin,Avtomat,Furqon,Mavi,Quba,Xeyr,Xeyr,1,13.05.2026,1
100175,LADA,2107,2012,1.7,222466 km,Hibrid,Avtomat,Universal,,BAKI,Xeyr,Xeyr,1,2026-06-17,4460
100227,Hyundai,Tucson,2011,1.8,188804,Dizel,Avtomat,Sedan,Mavi,Gəncə,Xeyr,Xeyr,2,28/03/2026,9352
100629,Toyota,Camry,2001,1.6,476424 km,Benzin,Mexaniki,,Yaşıl,Bakı,Xeyr,Xeyr,1,11.08.2026,3034
100532,Hyundai,Sonata,2020,2.0,111744 km,Benzin,Avtomat,Hetçbek,,Bakı ,Xeyr,Xeyr,2,20.04.2026,28519 AZN
100878,Toyota,Corolla,2012,2.5,225957,Benzin,Avtomat,,Qəhvəyi,Bakı,Xeyr,Bəli,1,2026-07-26,12950
100005,Nissan,Qashqai,2013,1.6,188050,Benzin,Avtomat,Furqon,Boz,Sumqayıt,Bəli,Bəli,1,2026-03-22,6108 AZN
100570,Nissan,Patrol,2012,4.0,256627 km,Benzin,Variator,Furqon,Mavi,Bakı,Xeyr,Xeyr,3,2026-04-24,11278
100193,Kia,Sportage,2006,3.5,355879 km,Benzin,Avtomat,Kupe,Boz,Mingəçevir,Xeyr,Bəli,1,2026-01-07,6253 AZN
100025,Ford,Mondeo,2009,1.8,300191 km,Benzin,Avtomat,Sedan,Qırmızı,Bakı,Xeyr,Xeyr,3,2026-01-08,5710
100321,Chevrolet,Cruze,2009,2.4,323990 km,Benzin,Mexaniki,Offroader,Qara,Şəki,Xeyr,Xeyr,2,2026-03-01,6128
100520,Mercedes,E 200,2012,2.0,,Qaz,Avtomat,Offroader,Yaşıl,Bakı,xeyr,yoxdur,1,2026-07-23,15502
100119,Toyota,RAV4,2012,3.0,212885,Dizel,Avtomat,Kupe,Yaşıl,  Bakı ,Bəli,Xeyr,1,04.06.2026,11648
100840,Chevrolet,Malibu,2015,2.0,232112,Benzin,Mexaniki,Offroader,Ağ,Lənkəran,XEYR,XEYR,4+,2026-04-06,13630
100022,LADA,Priora,2012,1.5,236837 km,Hibrid,Mexaniki,Sedan,Ağ,Şəki ,Xeyr,Xeyr,1,2026-08-19,3844
100719,CHEVROLET,Malibu,2004,1.4,360930,Benzin,Variator,Hetçbek,Qırmızı,Bakı,yoxdur,xeyr,1,2026-07-20,2787
100299,BMW,320,2005,2.5,,Benzin,Avtomat,Sedan,Qəhvəyi,Bakı,Xeyr,Xeyr,1,2026-01-16,5845
100027,Nissan,Qashqai,2012,3.0,196720 km,Dizel,Avtomat,,Mavi,Gəncə,XEYR,XEYR,4+,20.06.2026,"13,516"
100256,NISSAN,X-Trail,2007,0.0,294337,Elektro,Mexaniki,Sedan,Ağ,Sumqayıt,Xeyr,Bəli,1,2026-01-27,6 970
100308,Chevrolet,Aveo,2013,1.4,226438,Benzin,Avtomat,Universal,Yaşıl,Bakı,Xeyr,Bəli,1,2026-03-09,7640 AZN
100326,Hyundai,Sonata,2007,3.5,353295,Benzin,Avtomat,Sedan,Yaşıl,Gəncə,Xeyr,,1,2026-05-05,6 613
100443,LADA,Niva,2009,1.6,215554,Benzin,Mexaniki,Sedan,Mavi,Bakı,Xeyr,Bəli,1,2026-07-21,2444 AZN
100865,Ford,Focus,2023,1.4,42727 km,Benzin,Variator,Sedan,Mavi,Bakı,XEYR,bəli,2,2026-02-14,30729
100360,Ford,Kuga,2014,1.6,178756,Benzin,Avtomat,Sedan,Qara,Bakı,Bəli,Xeyr,2,2026-04-30,7 928
100277,Hyundai,Sonata,2012,2.0,254973,Dizel,Robot,Sedan,Gümüşü,Bakı,yoxdur,XEYR,1,2026-02-10,8260
100734,Opel,Zafira,2008,2.0,,Dizel,Variator,Sedan,Boz,Bakı,Xeyr,Bəli,1,2026-02-12,3750
100011,Nissan,Juke,2005,3.0,389834,Benzin,Avtomat,Hetçbek,Boz,  Sumqayıt ,Xeyr,Xeyr,1,2026-04-26,5406
100852,Chevrolet,Malibu,2018,1.5,213647 km,Benzin,Mexaniki,Hetçbek,Boz,Bakı,Xeyr,Bəli,1,2026-06-09,12317
100685,Ford,Kuga,2019,2.5,210672 km,Benzin,Robot,Sedan,Mavi,Bakı,xeyr,BƏLİ,1,2026-05-14,15949
100920,Hyundai,Accent,1999,2.0,413637 km,Benzin,Mexaniki,Offroader,Qara,Bakı,Xeyr,Xeyr,2,2026-06-29,2200
100827,BMW,520,2012,3.5,234345,Dizel,Avtomat,Offroader,Mavi,mingəçevir,yoxdur,XEYR,,2026-04-03,23868 AZN
100485,Toyota,Prado,2016,1.4,177231,Qaz,Robot,Universal,Qara,Sumqayıt,BƏLİ,yoxdur,2,29/01/2026,"12,418"
100009,Ford,Transit,2022,1.6,46678,Benzin,Mexaniki,Offroader,Boz,bakı,Xeyr,Xeyr,3,2026-01-01,34279
100153,Mercedes,S 500,2019,3.5,9999999,Qaz,Avtomat,Sedan,Gümüşü,Mingəçevir,Xeyr,Xeyr,1,2026-03-03,38593
100325,LADA,2107,2004,1.5,364086,Qaz,Avtomat,Hetçbek,Qırmızı,Quba,Xeyr,Xeyr,2,28.04.2026,2200 AZN
100589,Ford,Fusion,2013,1.8,190592,Dizel,Avtomat,,Qırmızı,BAKI,Bəli,Xeyr,1,2026-04-19,9380 AZN
100667,LADA,2107,2006,1.6,317107,Dizel,Mexaniki,Offroader,Yaşıl,Sumqayıt,Xeyr,Bəli,,2026-05-07,2200
100890,Mercedes,S 500,2006,1.6,435709,Hibrid,Avtomat,Sedan,Mavi,Gəncə,Bəli,Xeyr,2,26/01/2026,4539
100053,Hyundai,Elantra,2018,2.0,91267,Dizel,Avtomat,Hetçbek,Ağ,Bakı,yoxdur,yoxdur,4+,2026-05-12,22353
100508,Mercedes,Vito,2007,2.0,316135,Dizel,Avtomat,Sedan,Boz,Gəncə,Xeyr,Xeyr,3,2026-03-18,7750
100102,Nissan,Patrol,2023,2.5,0,Benzin,Mexaniki,Sedan,Qəhvəyi,Bakı,Xeyr,Bəli,3,2026-03-21,35992
100279,LADA,Granta,2004,1.5,393623,Benzin,Robot,Offroader,Yaşıl,Gəncə,Xeyr,Xeyr,2,14.03.2026,2200
100580,Hyundai,Elantra,2012,2.0,181172,Benzin,Robot,Hetçbek,Yaşıl,Bakı,Xeyr,Bəli,3,2026-08-28,7949
100309,Mercedes,C 180,2012,3.5,262195,Benzin,Mexaniki,Hetçbek,Yaşıl,Bakı,Xeyr,Xeyr,1,2026-04-26,16252
100915,mercedes,Vito,2016,1.6,128303 km,Benzin,Avtomat,Sedan,Qırmızı,Bakı,Xeyr,Xeyr,1,2026-03-24,23613
100741,LADA,Priora,2012,1.6,287512 km,Dizel,Avtomat,Offroader,Mavi,bakı,Xeyr,Xeyr,4+,2026-07-15,4836
100229,Hyundai,Tucson,2014,1.4,116856,Benzin,Avtomat,Sedan,Ağ,Gəncə,Bəli,Bəli,1,25.06.2026,9533
100765,Kia,Optima,2011,4.0,255300,Benzin,Avtomat,Universal,Gümüşü,  Sumqayıt ,Xeyr,,1,2026-01-31,11710
100596,Mercedes,GLE 350,2001,2.0,391705,Benzin,Avtomat,Universal,Yaşıl,Sumqayıt,Bəli,Xeyr,2,23/06/2026,2946
100446,Ford,Kuga,2018,3.5,150716 km,Benzin,Mexaniki,Hetçbek,Qəhvəyi,BAKI,Xeyr,Bəli,3,2026-08-28,22842
100282,Chevrolet,Lacetti,2016,1.5,214049 km,Benzin,Avtomat,,Ağ,  Quba ,Xeyr,Xeyr,2,2026-01-12,14729 AZN
100924,Toyota,Camry,2017,,94549,Benzin,Variator,Sedan,Mavi,Bakı,xeyr,bəli,4+,2026-06-02,"20,760"
100925,Toyota,Camry,2002,1.5,473847,Benzin,Robot,Furqon,Ağ,Bakı,Xeyr,Xeyr,1,2026-02-25,2200 AZN
100680,Chevrolet,Cruze,2005,3.5,310068,Benzin,Avtomat,,Boz,Bakı,Xeyr,,1,2026-01-04,4900 AZN
100847,LADA,Niva,2018,,110436,Dizel,Avtomat,Sedan,,Bakı,Xeyr,Xeyr,2,2026-06-20,8647
100653,Toyota,RAV4,2012,1.5,254997 km,Benzin,Variator,Universal,Yaşıl,Quba ,Xeyr,Bəli,1,20/07/2026,10165 AZN
100587,BMW,730,2007,,343021,Benzin,Variator,Sedan,,Bakı,Xeyr,Bəli,4+,2026-05-17,5080
100085,Ford,Fusion,2010,2.4,227340 km,Benzin,Avtomat,Sedan,Gümüşü,Bakı,Xeyr,Xeyr,1,31.03.2026,8817
100773,Mercedes,E 200,2013,1.4,248730,Benzin,Robot,Sedan,Mavi,Bakı,Xeyr,Xeyr,1,27.04.2026,13 629
100254,Nissan,Juke,2014,1.8,318564,Benzin,Mexaniki,Offroader,Gümüşü,Bərdə,Xeyr,Bəli,2,2026-03-24,11865 AZN
100366,Kia,Optima,2007,2.0,,Benzin,Avtomat,Sedan,Qara,Bakı,Xeyr,Bəli,2,2026-04-16,3988
100777,Toyota,Corolla,2015,1.6,152306,Benzin,Avtomat,Sedan,,Bakı ,XEYR,yoxdur,2,2026-04-29,16416
100500,Ford,Kuga,2004,1.6,441395,Benzin,Avtomat,Sedan,Qəhvəyi,Bakı,Xeyr,Xeyr,2,10.04.2026,2783
100670,Mercedes,S 500,2011,1.4,267805,Benzin,Mexaniki,Offroader,Qara,Şəki,Bəli,Xeyr,1,2026-02-05,10278
100652,Chevrolet,Cruze,2002,1.4,462224 km,Benzin,Avtomat,Offroader,,Gəncə,Xeyr,Bəli,2,2026-02-24,2341
100591,BMW,116,2009,3.5,289561 km,Benzin,Mexaniki,Sedan,Mavi,Sumqayıt,Xeyr,,1,27/02/2026,12229 AZN
100233,Ford,Mondeo,2004,1.6,383410,Benzin,Avtomat,Offroader,Ağ,Bakı,Xeyr,Bəli,2,2026-07-21,2 981
100246,Ford,Kuga,2019,3.5,87387,Benzin,Mexaniki,Sedan,Qəhvəyi,şəki,Bəli,Xeyr,2,2026-03-13,19969
100399,Mercedes,S 500,2008,2.4,305458,Qaz,Avtomat,Sedan,Ağ,Xaçmaz ,Xeyr,Bəli,2,18.08.2026,6 932
100098,Toyota,RAV4,2015,1.6,204450,Dizel,Avtomat,Offroader,Qara,bakı,xeyr,XEYR,4+,2026-04-19,"19,958"
100059,Ford,Fusion,2011,1.4,336869 km,Benzin,Avtomat,Hetçbek,Qara,Bakı,Xeyr,Bəli,2,2026-02-09,5995
100764,Mercedes,S 500,2014,2.4,143785,Benzin,Mexaniki,Sedan,Ağ,Salyan ,Bəli,Bəli,4+,11.06.2026,15513
100936,Ford,Kuga,2014,1.8,228498 km,Benzin,Avtomat,Sedan,Gümüşü,Lənkəran,Xeyr,Xeyr,2,30/08/2026,10051 AZN
100751,BMW,320,2002,1.6,436225 km,Benzin,Avtomat,Sedan,Qəhvəyi,Bakı,Bəli,Bəli,,16.04.2026,2318
100306,Opel,Insignia,2005,3.5,,Benzin,Mexaniki,Universal,Yaşıl,Bakı,Xeyr,Xeyr,1,26.07.2026,3424
100675,LADA,2107,2012,1.6,221072,Qaz,Avtomat,Sedan,Mavi,Bakı,Xeyr,Xeyr,,2026-01-18,3524
100401,Ford,Focus,2011,,300371,Benzin,Mexaniki,Sedan,Mavi,Bakı,Xeyr,Xeyr,4+,02.02.2026,7079
100707,LADA,2107,2020,1.6,89611,Dizel,Avtomat,Offroader,Qırmızı,Sumqayıt,Xeyr,Xeyr,1,16.01.2026,14324
100257,LADA,2107,2018,1.7,,Dizel,Mexaniki,Offroader,Ağ,Xaçmaz,Xeyr,Bəli,4+,2026-05-22,8344
100052,Opel,Zafira,2013,1.6,220844,Benzin,Mexaniki,Universal,Gümüşü,Bərdə,Xeyr,Bəli,4+,2026-04-15,6701
100690,LADA,Granta,2007,1.7,263688 km,Benzin,Avtomat,Sedan,Qəhvəyi,Bakı,Xeyr,,2,2026-04-24,2200
100154,LADA,Priora,2014,1.6,180292 km,Benzin,Mexaniki,,Qara,Bakı,Bəli,Xeyr,,29/03/2026,3938
100129,Mercedes,GLE 350,2006,1.4,363870 km,Qaz,Avtomat,Universal,Yaşıl,Şirvan,Xeyr,Bəli,3,2026-01-10,4404
100405,Ford,Mondeo,2011,1.5,248359,Dizel,Variator,Sedan,Qırmızı,Bakı ,Bəli,Xeyr,2,2026-04-28,5 046
100100, Mercedes,S 500,2007,2.4,336877,Benzin,Mexaniki,Offroader,Mavi,Bakı,Xeyr,Xeyr,4+,10/04/2026,8977
100230,LADA,Priora,2019,1.6,0,Benzin,Mexaniki,Hetçbek,Gümüşü,Bakı,Xeyr,Bəli,,22/08/2026,8 766
100220,BMW,X5,2018,2.0,74789 km,Qaz,Avtomat,Offroader,Qəhvəyi,Bakı,XEYR,xeyr,2,10.01.2026,37494
100020,Toyota,Yaris,1997,3.0,491544,Benzin,Mexaniki,Furqon,Gümüşü,Bakı,Bəli,Bəli,1,2026-02-23,2200
100424,Hyundai,Sonata,2009,1.4,260665,Benzin,Avtomat,Universal,Mavi,Bakı,Xeyr,Xeyr,1,10/06/2026,"5,862"
100140,Toyota,Corolla,2013,2.5,262477,Benzin,Mexaniki,Sedan,Ağ,Bakı,Xeyr,Xeyr,3,09.05.2026,11491 AZN
100743,Kia,Cerato,2014,1.4,190377 km,Qaz,Mexaniki,Sedan,Mavi,  Bakı ,Xeyr,Xeyr,2,2026-08-22,9175
100357, Nissan,Juke,2012,1.8,202281,Qaz,Mexaniki,Sedan,Gümüşü,Bakı,Xeyr,Bəli,2,27.05.2026,8792 AZN
100659,Mercedes,E 200,2020,4.0,230835,Qaz,Avtomat,Furqon,Qara,Bakı,Xeyr,,1,03.04.2026,33134
100913,Hyundai,Santa Fe,2011,1.6,278684,Benzin,Avtomat,Universal,Boz,Lənkəran,Xeyr,Bəli,2,2026-07-07,6504
100883,Opel,Insignia,2014,2.0,186482,Qaz,Avtomat,Offroader,Qırmızı,Bakı,Bəli,Xeyr,4+,2026-05-18,8 293
100706,BMW,520,2099,3.0,475049,Benzin,Avtomat,Furqon,Qırmızı,Bakı,Xeyr,Bəli,1,2026-05-17,2735
100894,Toyota,Prado,2008,1.5,267823,Benzin,Variator,Offroader,Yaşıl,Bərdə,Xeyr,Xeyr,2,2026-08-20,8972
100959,Opel,Corsa,2006,3.5,366449,Benzin,Mexaniki,Kupe,Qəhvəyi,Bakı,Xeyr,Xeyr,1,2026-08-17,4653
100225,Hyundai,Sonata,2018,2.0,135551,Benzin,Avtomat,Sedan,Boz,Şəki,Xeyr,Xeyr,1,2026-01-06,21294
100492,MERCEDES,GLE 350,2009,1.6,272783,Benzin,Avtomat,Sedan,Qırmızı,Bakı,Xeyr,Xeyr,1,2026-06-01,9921
100895,Opel,Corsa,2008,1.6,337483,Benzin,Avtomat,Sedan,Ağ,Bakı,Bəli,Xeyr,,09.01.2026,3094
100477,Nissan,Juke,2015,2.0,97629 km,Benzin,Mexaniki,Offroader,Yaşıl,Lənkəran,Xeyr,Xeyr,1,2026-06-28,20801
100311,BMW,116,2006,0.0,309562,Elektro,Avtomat,Hetçbek,Mavi,Bakı,Xeyr,Xeyr,1,20/05/2026,"8,803"
100595,Kia,Sportage,2021,3.0,171750,Dizel,Avtomat,Universal,Qırmızı,Bakı,Xeyr,Xeyr,1,2026-08-30,"34,723"
100882,Mercedes,E 200,2014,1.4,193753,Benzin,Mexaniki,Hetçbek,Qara,Şəki,Xeyr,Xeyr,,30/07/2026,13192
100910,Opel,Vectra,2020,2.0,111897,Benzin,Robot,Offroader,Qırmızı,Gəncə,Xeyr,Xeyr,1,24.03.2026,21424
100562,Opel,Zafira,2014,4.0,183414,Benzin,Mexaniki,Sedan,Qəhvəyi,Xaçmaz,Xeyr,Xeyr,2,2026-02-11,13817
100181,Kia,Rio,2015,1.5,234011,Benzin,Avtomat,Sedan,Qara,Bakı,Xeyr,,1,2026-08-12,13085
100848,TOYOTA,RAV4,2012,3.5,206993,Benzin,Avtomat,Furqon,,Bakı,Xeyr,Bəli,2,25.01.2026,11183
100426,Chevrolet,Captiva,2009,1.6,264232,Benzin,Avtomat,Sedan,Boz,  Lənkəran ,Xeyr,Xeyr,4+,02.07.2026,"6,225"
100816,Mercedes,Vito,2016,2.0,185712,Benzin,Mexaniki,Hetçbek,Qəhvəyi,Şəki,Xeyr,Xeyr,1,2026-07-04,21197 AZN
100133,BMW,X5,2005,4.0,261448,Dizel,Avtomat,,Qırmızı,Bakı,Xeyr,Bəli,2,05.06.2026,8024
100019,Hyundai,Elantra,1998,3.5,625862,Benzin,Avtomat,Sedan,Mavi,  Naxçıvan ,Bəli,Xeyr,1,2026-06-30,2200
100330,Kia,Optima,2016,2.5,161095 km,Benzin,Avtomat,Offroader,Boz,Gəncə,Bəli,Xeyr,1,2026-04-21,16 083
100306,Opel,Insignia,2005,3.5,,Benzin,Mexaniki,Universal,Yaşıl,Bakı,Xeyr,Xeyr,1,26.07.2026,3424
100786,Ford,Kuga,2013,1.4,239855,Benzin,Avtomat,Sedan,Qara,Bakı,Bəli,Xeyr,4+,19.04.2026,7524
100557,BMW,730,2017,1.8,154559 km,Dizel,Avtomat,Hetçbek,,Bakı,Xeyr,Xeyr,2,21.02.2026,28154
100981,Kia,Optima,2020,3.0,55608,Benzin,Mexaniki,Sedan,Boz,Bakı,Xeyr,Bəli,1,2026-08-16,26207
100104,Hyundai,Sonata,2011,2.5,225698,Benzin,Mexaniki,Sedan,Qara,Mingəçevir,Xeyr,Xeyr,3,2026-03-24,9443
100631,kia,Sportage,2011,4.0,242522,Benzin,Robot,,Gümüşü,Bakı,Xeyr,Bəli,2,22/05/2026,10935
100808,Kia,Rio,2023,2.0,0 km,Benzin,Avtomat,Sedan,Qara,Quba,Xeyr,Xeyr,1,2026-07-14,38082
100264,LADA,Granta,2018,1.5,140520,Benzin,Mexaniki,Universal,Yaşıl,sumqayıt,Bəli,Bəli,1,2026-03-26,5044
100480,Kia,Sorento,2013,0.0,227048,Elektro,Avtomat,Sedan,Qəhvəyi,Bakı,Xeyr,Xeyr,2,2026-03-10,15037
100305,Toyota,Prado,2011,1.6,313321 km,Benzin,Mexaniki,Universal,Mavi,Naxçıvan,Xeyr,Bəli,4+,2026-02-04,1234567
100897,Ford,Mondeo,2010,2.0,299953,Benzin,Avtomat,Sedan,Qara,Quba,Bəli,Xeyr,2,11/05/2026,5 137
100672,Toyota,Prado,2008,3.5,325103,Dizel,Avtomat,Offroader,Gümüşü,Gəncə,Xeyr,Xeyr,1,2026-08-06,11346
100395,BMW,520,2016,1.6,151083,Benzin,Robot,Sedan,Qara,Lənkəran,Xeyr,Xeyr,1,2026-01-21,21725
100600,Toyota,Yaris,2017,1.4,135458 km,Hibrid,Robot,Hetçbek,Ağ,Bakı,Xeyr,Xeyr,1,2026-08-16,19122
100709,Mercedes,E 200,2021,3.5,,Qaz,Avtomat,Sedan,Ağ,Bakı,Xeyr,Xeyr,,2026-07-20,53355
100730,Ford,Focus,2005,2.4,383661,Benzin,Mexaniki,Furqon,Qara,Bakı,Xeyr,Xeyr,2,03.02.2026,"3,374"
100310,Toyota,Yaris,2011,2.0,191059,Benzin,Avtomat,Offroader,Gümüşü,Salyan,Xeyr,Xeyr,2,2026-01-24,12288
100791,Toyota,Camry,2014,2.0,149764 km,Benzin,Avtomat,Offroader,Mavi,BAKI,Xeyr,Xeyr,1,2026-04-26,21594
100320,Ford,Mondeo,2012,3.5,295818,Benzin,Avtomat,Offroader,Qara,Bakı,Bəli,Xeyr,4+,2026-04-30,11 503
100285,BMW,730,2007,3.0,284923,Benzin,Mexaniki,Hetçbek,Yaşıl,Gəncə,Xeyr,Xeyr,2,2026-03-20,8374
100328,ford,Fusion,2016,3.5,148574,Hibrid,Mexaniki,,Ağ,Bakı,XEYR,XEYR,1,2026-02-26,26874
100824,LADA,Granta,2016,1.6,140804,Qaz,Mexaniki,Offroader,Boz,Şirvan,Xeyr,Xeyr,1,2026-08-05,6922 AZN
100539,Toyota,RAV4,2001,2.4,433153 km,Benzin,Avtomat,Universal,Qara,  Bakı ,Xeyr,Xeyr,3,07.01.2026,3122
100961,chevrolet,Captiva,2018,2.4,211789,Benzin,Mexaniki,Sedan,Mavi,Bakı,Xeyr,Xeyr,,2026-04-06,17309
100291,Hyundai,Elantra,2012,3.0,,Dizel,Variator,Universal,Qırmızı,Sumqayıt ,Bəli,Xeyr,3,18.07.2026,10 100
100418,Nissan,Qashqai,2022,2.4,74601 km,Benzin,Avtomat,Offroader,Ağ,QUBA,Xeyr,Xeyr,3,2026-04-06,"47,330"
100776,Opel,Zafira,2017,1.6,159325 km,Dizel,Avtomat,Sedan,Ağ,Sumqayıt,Xeyr,Xeyr,1,08.08.2026,"12,472"
100549,Toyota,Camry,2009,1.8,291501,Benzin,Avtomat,Hetçbek,Qara,bakı,Bəli,Bəli,3,2026-02-12,5044
100388,Mercedes,Vito,2011,2.4,286068 km,Qaz,Mexaniki,Hetçbek,Boz,Bakı,Bəli,Bəli,2,2026-08-28,7824 AZN
100886,BMW,730,2006,1.8,384664,Dizel,Mexaniki,Furqon,Mavi,Quba,Xeyr,Bəli,2,2026-02-24,4139
100160,Ford,Kuga,2004,2.0,357498,Benzin,Mexaniki,Offroader,Gümüşü,Salyan,Bəli,Xeyr,2,28.05.2026,2909
100760,BMW,116,2019,2.0,47198,Benzin,Variator,Sedan,Qəhvəyi,Bakı,Xeyr,Xeyr,3,2026-04-11,"32,434"
100434,opel,Zafira,2005,4.0,376630,Benzin,Avtomat,Sedan,Qara,Bakı,XEYR,xeyr,4+,17/08/2026,4583
100346,Toyota,RAV4,2002,2.0,,Dizel,Robot,Hetçbek,Qara,Bakı ,Xeyr,Xeyr,1,06/07/2026,3017
100132,Kia,Optima,1997,2.4,496606,Benzin,Mexaniki,Furqon,Qırmızı,  Gəncə ,Xeyr,Xeyr,1,20/06/2026,2200 AZN
100248,Mercedes,GLE 350,1996,1.5,528807 km,Dizel,Variator,Offroader,Boz,SUMQAYIT,Xeyr,Xeyr,3,2026-08-05,2200
100385,Nissan,Sunny,2008,4.0,365124 km,Hibrid,Avtomat,Sedan,Mavi,Bakı,Xeyr,Xeyr,1,2026-01-16,9347
100511,Nissan,Patrol,2012,4.0,205460 km,Qaz,Mexaniki,Sedan,Qara,Bakı,Xeyr,Bəli,1,2026-07-16,"10,736"
100489,Chevrolet,Aveo,2021,2.5,88881 km,Dizel,Variator,Sedan,Mavi,BAKI,Xeyr,Xeyr,1,2026-08-25,"25,161"
100842,LADA,Priora,2019,1.6,221805 km,Benzin,Variator,Sedan,Qırmızı,Sumqayıt,Xeyr,Xeyr,3,2026-01-18,1234567
100221,Hyundai,Tucson,2015,1.4,184293,Qaz,Avtomat,Hetçbek,Qırmızı,bakı,Bəli,Bəli,2,2026-02-28,9569
100772,Kia,Optima,2007,2.5,371413,Benzin,Robot,Offroader,Gümüşü,Bakı,Xeyr,Xeyr,2,19/08/2026,6026
100976,CHEVROLET,Lacetti,2012,1.6,0,Hibrid,Avtomat,Offroader,Qəhvəyi,Mingəçevir,Xeyr,Xeyr,3,2026-06-07,10556
100641,Toyota,RAV4,2018,4.0,165645 km,Qaz,Variator,Sedan,Yaşıl,Bakı,XEYR,,2,2026-06-14,28314
100341,Toyota,Yaris,2013,3.5,228666,Benzin,Mexaniki,Offroader,Qəhvəyi,Sumqayıt,Xeyr,Bəli,2,19/02/2026,15946
100782,TOYOTA,Prado,2015,1.5,148966 km,Benzin,Mexaniki,Offroader,Mavi,şirvan,Xeyr,Bəli,4+,2026-02-15,14963
100608,Opel,Corsa,2007,1.4,360497,Benzin,Avtomat,Offroader,Mavi,Bakı ,Xeyr,,1,2026-08-31,"3,476"
100292,KIA,Cerato,2019,1.4,223888,Benzin,Avtomat,Sedan,Boz,Sumqayıt,Xeyr,Xeyr,4+,03/01/2026,18364 AZN
100423,kia,Rio,2013,2.0,170267 km,Qaz,Mexaniki,Offroader,Qara,Bakı,Xeyr,Xeyr,1,2026-02-07,12288
100226,Ford,Focus,2011,1.6,186238,Dizel,Mexaniki,Sedan,Qırmızı,Gəncə,Bəli,Bəli,2,2026-08-18,4939
100117,BMW,520,2011,3.0,164504,Benzin,Avtomat,Sedan,Qəhvəyi,Salyan,xeyr,yoxdur,1,2026-08-14,"16,451"
100992,chevrolet,Lacetti,2006,1.6,341058,Benzin,Mexaniki,Hetçbek,Qırmızı,Bakı,Bəli,Bəli,2,22.04.2026,2450 AZN
100519,LADA,Vesta,2013,1.5,234678,Benzin,Avtomat,Hetçbek,Qara,Şirvan,Xeyr,Bəli,1,21.04.2026,3887
100042,Kia,Sorento,2014,2.0,285128 km,Benzin,Robot,Sedan,Boz,bakı,Xeyr,Xeyr,2,2026-05-23,"11,269"
100219,Hyundai,Tucson,2012,1.4,252309,Benzin,Avtomat,Sedan,Gümüşü,  Gəncə ,Xeyr,Bəli,1,2026-07-19,7138
100738,KIA,Sportage,2011,3.0,271387,Dizel,Avtomat,Offroader,Ağ,bakı,Bəli,Bəli,1,2026-06-19,9369
100162,Mercedes,Vito,2014,1.6,282276,Benzin,Avtomat,Offroader,Yaşıl,şirvan,XEYR,var,2,2026-05-10,16483
100045,Toyota,RAV4,2007,3.5,377288,Benzin,Avtomat,Sedan,Boz,Bakı,Xeyr,Bəli,1,2026-01-14,6007
100792,Nissan,Qashqai,2004,3.5,411894,Benzin,Avtomat,Sedan,Ağ,Mingəçevir,Xeyr,Bəli,,18/05/2026,4 011
100995, Mercedes,Vito,2007,1.4,220225,Dizel,Avtomat,Hetçbek,Yaşıl,Bakı,Bəli,Bəli,3,2026-07-16,5776
100238,Mercedes,E 200,2010,2.4,257373,Benzin,Avtomat,Hetçbek,,Sumqayıt,Xeyr,Xeyr,2,11/03/2026,"12,776"
100385,Nissan,Sunny,2008,4.0,365124 km,Hibrid,Avtomat,Sedan,Mavi,Bakı,Xeyr,Xeyr,1,2026-01-16,9347
100584,Mercedes,E 200,2002,2.5,431106,Dizel,Robot,Sedan,Qəhvəyi,Bakı,Xeyr,Bəli,,2026-06-15,3356
100590,Opel,Vectra,2012,,218221 km,Benzin,Avtomat,Offroader,Boz,Sumqayıt,Xeyr,Xeyr,2,30/07/2026,8128
100049,LADA,Granta,1997,1.7,461960 km,Benzin,Mexaniki,Hetçbek,Qəhvəyi,Bakı,Xeyr,Xeyr,3,25/07/2026,2200
100412,Ford,Fusion,2017,3.0,,Dizel,Avtomat,Sedan,Mavi,Bakı,Xeyr,Xeyr,2,26/05/2026,20670
100629,Toyota,Camry,2001,1.6,476424 km,Benzin,Mexaniki,,Yaşıl,Bakı,Xeyr,Xeyr,1,11.08.2026,3034
100742,Toyota,RAV4,2008,4.0,228724 km,Benzin,Avtomat,Furqon,Qara,Bakı,Xeyr,Xeyr,3,2026-08-10,10353
100404,Toyota,Yaris,2021,3.5,113793,Qaz,Avtomat,Sedan,Qəhvəyi,Mingəçevir,Xeyr,,1,28/06/2026,46713
100726,Opel,Astra,2021,1.8,104201,Benzin,Variator,Offroader,Yaşıl,Bakı ,Xeyr,Bəli,3,2026-06-18,24766 AZN
100969,BMW,320,2015,1.6,138974,Benzin,Avtomat,Sedan,Qəhvəyi,Bakı,Xeyr,Bəli,,16.08.2026,18926
100643,Kia,Sorento,2019,2.5,140962,Benzin,Variator,,Yaşıl,Bakı,xeyr,xeyr,4+,2026-06-29,24026
100421,Toyota,Camry,2012,3.5,9999999,Benzin,Avtomat,Offroader,Ağ,Lənkəran,yoxdur,yoxdur,2,2026-02-27,"20,270"
100788,chevrolet,Aveo,2013,1.8,,Dizel,Avtomat,Hetçbek,Gümüşü,Bakı,Xeyr,Xeyr,4+,11.03.2026,11005
100725,Mercedes,C 180,2020,1.4,126363,Benzin,Mexaniki,Hetçbek,Mavi,Xaçmaz,Xeyr,Xeyr,2,2026-07-15,27928
100588,Kia,Sorento,2011,2.0,266774,Benzin,Variator,Sedan,Boz,Sumqayıt,Xeyr,Xeyr,1,2026-08-08,7315
100513,Toyota,Camry,2006,2.5,352062 km,Benzin,Mexaniki,Offroader,Ağ,BAKI,Bəli,Xeyr,3,2026-05-07,5279
100470,Mercedes,S 500,2008,1.4,303290,Dizel,Avtomat,Offroader,Qara,Bakı,Xeyr,Bəli,3,2026-08-07,7467 AZN
100885,hyundai,Santa Fe,2018,2.4,180650,Benzin,Avtomat,Universal,Qəhvəyi,mingəçevir,Xeyr,Xeyr,1,2026-04-13,21306
100606,Kia,Cerato,2015,1.5,191548,Dizel,Avtomat,Sedan,Gümüşü,Bakı,Xeyr,Xeyr,4+,20/04/2026,14191 AZN
100215,Toyota,RAV4,2011,4.0,248929,Benzin,Avtomat,Sedan,Gümüşü,Bakı,Xeyr,Xeyr,1,16/01/2026,14068
100627,Hyundai,Accent,2012,,156206,Benzin,Mexaniki,Sedan,Boz,sumqayıt,Xeyr,Xeyr,4+,2026-05-23,9897
100496,Nissan,Patrol,2013,3.0,294103,Dizel,Robot,Offroader,Yaşıl,Bərdə,Xeyr,Bəli,3,11/02/2026,12 867
100124,Opel,Corsa,2012,2.0,283215,Hibrid,Avtomat,Offroader,Mavi,Sumqayıt,var,xeyr,3,2026-05-04,7830
100716,LADA,Niva,2017,1.5,195122,Benzin,Mexaniki,Offroader,Yaşıl,Bakı,Xeyr,Xeyr,1,2026-01-14,7334
100257,LADA,2107,2018,1.7,,Dizel,Mexaniki,Offroader,Ağ,Xaçmaz,Xeyr,Bəli,4+,2026-05-22,8344
100135,LADA,2107,2006,1.5,385196,Benzin,Mexaniki,Hetçbek,Qəhvəyi,Bakı,Xeyr,Bəli,2,27.04.2026,2200
100353,Ford,Transit,2012,3.5,223596,Benzin,Avtomat,Offroader,Qəhvəyi,Lənkəran,Bəli,Xeyr,1,2026-01-31,10762 AZN
100083,Chevrolet,Aveo,2008,1.5,380520,Benzin,Avtomat,Hetçbek,Mavi,Bakı,Bəli,Xeyr,1,2026-08-09,3664
100094,BMW,116,2000,2.0,,Dizel,Avtomat,Sedan,Qırmızı,  Mingəçevir ,XEYR,yoxdur,1,2026-07-20,3690
100265,Mercedes,E 200,2001,2.0,370011 km,Benzin,Avtomat,Sedan,Yaşıl,Bakı,Xeyr,Xeyr,2,2026-06-08,"3,870"
100334,LADA,2107,2000,1.5,446389,Benzin,Mexaniki,Offroader,Ağ,Bakı,Bəli,Xeyr,2,22.08.2026,2200
100267,Kia,Sorento,2006,2.4,365365,Benzin,Mexaniki,Sedan,Mavi,Salyan,xeyr,var,1,27.05.2026,3361
100467,Nissan,X-Trail,2003,1.5,401545,Dizel,Mexaniki,Hetçbek,Boz,Gəncə ,Bəli,Xeyr,2,2026-01-20,2200
100140,Toyota,Corolla,2013,2.5,262477,Benzin,Mexaniki,Sedan,Ağ,Bakı,Xeyr,Xeyr,3,09.05.2026,11491 AZN
100030,Chevrolet,Aveo,2006,1.8,364151,Benzin,Avtomat,Kupe,,Bakı,Bəli,Xeyr,2,2026-04-13,3126
100505,BMW,X5,2007,1.5,354554,Benzin,Avtomat,,,xaçmaz,Xeyr,Xeyr,2,08.01.2026,6798 AZN
100988,LADA,Vesta,2004,1.5,435445,Benzin,Avtomat,Hetçbek,Mavi,Gəncə,Xeyr,Xeyr,1,2026-08-30,"2,200"
100945,BMW,730,2005,1.8,214184,Benzin,Avtomat,Sedan,Gümüşü,Gəncə,Xeyr,Xeyr,1,2026-07-11,6258
100168,Chevrolet,Cruze,2013,3.0,279984,Benzin,Avtomat,Offroader,Qırmızı,Sumqayıt,Xeyr,Bəli,1,2026-04-11,11838
100774,LADA,Priora,2015,1.5,229947,Benzin,Avtomat,Sedan,Yaşıl,Bakı,Bəli,,,2026-05-10,4040
100287,Nissan,X-Trail,2010,4.0,291656 km,Benzin,Robot,Sedan,Qara,Bakı,Xeyr,,3,13/04/2026,11344 AZN
100442,Opel,Astra,2018,1.5,151948 km,Benzin,Avtomat,Sedan,Qəhvəyi,Sumqayıt,yoxdur,xeyr,2,2026-05-01,13048
100905,LADA,Granta,2006,1.5,323223 km,Qaz,Avtomat,Hetçbek,Yaşıl,bakı,BƏLİ,,1,2026-04-18,2200
100454,hyundai,Elantra,2012,1.8,253504,Qaz,Avtomat,Universal,Yaşıl,Xaçmaz,Bəli,Xeyr,4+,2026-03-18,7350
100615,BMW,320,2014,1.8,234828 km,Benzin,Mexaniki,Offroader,Mavi,BAKI,var,BƏLİ,1,2026-08-18,11691
100143,LADA,Granta,2018,1.7,166918,Benzin,Avtomat,Sedan,Gümüşü,BAKI,yoxdur,XEYR,,2026-04-05,7979
100070,Chevrolet,Lacetti,2010,1.6,315643,Qaz,Mexaniki,Hetçbek,Yaşıl,Xaçmaz,Xeyr,Xeyr,1,2026-03-02,4870
100109,ford,Transit,2014,1.5,168552,Benzin,Avtomat,Hetçbek,Gümüşü,Lənkəran,XEYR,XEYR,1,22.07.2026,10218
100964,Toyota,Camry,2007,,392547,Benzin,Avtomat,Universal,Boz,ŞƏKI,Bəli,Xeyr,3,2026-08-23,3 964
100739,Ford,Focus,2021,4.0,109385 km,Benzin,Variator,Offroader,Qırmızı,  Bakı ,Xeyr,Xeyr,2,2026-06-12,41254
100538,Toyota,Yaris,1999,1.4,500848,Hibrid,Avtomat,Furqon,Mavi,  Gəncə ,Xeyr,Bəli,2,08.04.2026,2200 AZN
100861,Chevrolet,Lacetti,2011,1.6,286210,Benzin,Avtomat,Offroader,Mavi,Bakı,Xeyr,Xeyr,,2026-06-24,8 924
100210,Ford,Transit,2011,2.0,198914 km,Benzin,Mexaniki,Sedan,Qara,Mingəçevir,Xeyr,Xeyr,2,2026-04-16,7300
100176,BMW,520,2007,2.0,379591,Dizel,Mexaniki,Offroader,,Bakı,XEYR,yoxdur,,23.07.2026,6615
100361,Ford,Focus,2012,4.0,237732,Dizel,Mexaniki,Sedan,Boz,Bakı,Xeyr,Xeyr,2,2026-02-08,10636
100113,Mercedes,C 180,2013,3.5,258365,Dizel,Mexaniki,Hetçbek,Ağ,Lənkəran,Xeyr,Xeyr,2,2026-06-16,18725
100205,Chevrolet,Aveo,2020,1.4,89921,Benzin,Avtomat,Furqon,Qəhvəyi,Bakı,Xeyr,Xeyr,1,2026-01-06,18802
100597,Ford,Focus,2010,3.5,303166,Benzin,Avtomat,Offroader,Mavi,Bakı,Xeyr,Bəli,3,2026-05-16,10 760
100862,LADA,Vesta,2022,1.7,65288,Dizel,Mexaniki,Hetçbek,Qara,Gəncə,XEYR,BƏLİ,,03/06/2026,10578
100026,BMW,X5,2005,2.0,422148,Benzin,Mexaniki,Sedan,Mavi,Bakı,Bəli,Xeyr,3,2026-01-12,3296
100376, Nissan,Qashqai,2014,3.0,239115,Dizel,Avtomat,Sedan,Mavi,Bakı ,Xeyr,Xeyr,4+,26.03.2026,16077
100269,Toyota,Corolla,2005,3.5,409648,Hibrid,Variator,Offroader,Qara,Bakı,Xeyr,Xeyr,3,2026-03-26,7951
100295,Kia,Rio,2016,3.0,254324 km,Benzin,Avtomat,Universal,Qırmızı,Bakı,Bəli,Bəli,1,28.05.2026,"11,359"
100364,Hyundai,Tucson,2017,4.0,170621 km,Dizel,Avtomat,Furqon,Qəhvəyi,Gəncə,Xeyr,Bəli,2,2026-03-21,"18,035"
100001,LADA,Vesta,2015,1.5,200386,Dizel,Avtomat,Offroader,Ağ,Bakı,Xeyr,,1,2026-06-16,6096
100255,Nissan,Sunny,2012,3.5,177718 km,Benzin,Mexaniki,Hetçbek,Qırmızı,Naxçıvan,Xeyr,Xeyr,1,2026-01-14,13 178
100506,Hyundai,Sonata,2020,1.4,112666,Benzin,Variator,Offroader,Boz,Şirvan,Xeyr,,2,2026-08-05,27946
100421,Toyota,Camry,2012,3.5,9999999,Benzin,Avtomat,Offroader,Ağ,Lənkəran,yoxdur,yoxdur,2,2026-02-27,"20,270"
100763,Opel,Vectra,2009,1.6,423922 km,Benzin,Avtomat,Sedan,Qırmızı,Bakı,Bəli,Bəli,2,2026-03-11,2458 AZN
100617,BMW,116,2021,2.0,128701 km,Benzin,Mexaniki,Sedan,Qırmızı,Bakı ,Xeyr,Bəli,1,2026-07-06,33163
100678,BMW,520,2013,3.0,245617 km,Benzin,Avtomat,Sedan,Ağ,Sumqayıt,var,xeyr,1,2026-03-10,12610
100902,Mercedes,C 180,2018,1.8,123997,Benzin,Mexaniki,Offroader,Yaşıl,Bakı,XEYR,yoxdur,3,2026-05-16,35165
100684,Toyota,Camry,2009,1.4,255362,Benzin,Mexaniki,Kupe,,Bakı,Xeyr,Bəli,1,2026-03-12,6129
100576,Chevrolet,Aveo,2001,3.0,462257,Benzin,Avtomat,Sedan,Mavi,Lənkəran,Bəli,Xeyr,2,2026-01-28,2200
100922,Toyota,Prado,2010,4.0,287570,Benzin,Avtomat,Offroader,Yaşıl,Bakı,Xeyr,,,2026-02-22,"17,318"
100543,LADA,Vesta,2008,1.6,284203 km,Benzin,Mexaniki,Hetçbek,Gümüşü,BAKI,Xeyr,Xeyr,2,18/06/2026,2200 AZN
100522,BMW,730,2007,2.4,268130,Benzin,Mexaniki,Sedan,Gümüşü,  Lənkəran ,Xeyr,Xeyr,2,2026-07-13,"8,668"
100427,LADA,Vesta,2010,1.5,314761,Benzin,Avtomat,Sedan,Qəhvəyi,Naxçıvan,Xeyr,Bəli,1,08.01.2026,2600
100823,Hyundai,Santa Fe,2016,2.4,205019,Benzin,Mexaniki,Sedan,Ağ,Bakı,XEYR,yoxdur,1,2026-03-25,16652
100191,Ford,Fusion,2000,,422966,Hibrid,Robot,Offroader,Yaşıl,Bakı,Xeyr,,1,2026-05-27,2535
100721,Ford,Fusion,2010,3.5,305560,Benzin,Avtomat,Sedan,Gümüşü,Bakı,Xeyr,Xeyr,2,2026-02-14,8271
100349,Toyota,Yaris,2014,2.5,188535 km,Benzin,Avtomat,Offroader,,bakı,Xeyr,Xeyr,1,20.06.2026,23 220
100935,Hyundai,Elantra,2006,4.0,,Qaz,Avtomat,Sedan,Qara,Bakı,Bəli,Xeyr,1,19/03/2026,"5,646"
100941,Chevrolet,Lacetti,2014,1.4,203546,Benzin,Avtomat,Offroader,Gümüşü,bakı,XEYR,yoxdur,2,2026-01-20,13707
100422,Mercedes,E 200,2004,2.0,349592 km,Hibrid,Mexaniki,Offroader,Qırmızı,Bakı,Xeyr,Xeyr,1,2026-03-12,6 242
100054,Ford,Focus,2014,3.0,231743,Benzin,Avtomat,Offroader,Qəhvəyi,Gəncə ,Xeyr,,2,2026-04-23,"18,759"
100740,Ford,Kuga,2018,1.8,137222 km,Benzin,Avtomat,Offroader,Boz,Sumqayıt,Xeyr,Xeyr,2,02/03/2026,23956 AZN
100930,opel,Corsa,2016,1.4,0,Benzin,Avtomat,Sedan,Qəhvəyi,Bakı,Xeyr,Bəli,3,2026-03-24,10616
100188,Kia,Cerato,20,1.4,210846,Benzin,Mexaniki,Hetçbek,Qara,  Bakı ,Xeyr,Xeyr,2,2026-05-13,"8,629"
100375,LADA,Niva,2003,1.7,454815 km,Benzin,Robot,Hetçbek,Qırmızı,Bakı,Xeyr,Bəli,,09/07/2026,2200
100370,Toyota,Prado,2008,4.0,317877,Benzin,Variator,Sedan,Mavi,BƏRDƏ,Xeyr,,2,07/08/2026,10 300
100517,Hyundai,Tucson,2002,3.5,456553 km,Benzin,Mexaniki,Furqon,Boz,Bakı,xeyr,XEYR,2,21.04.2026,2264
100804,Toyota,Yaris,2016,3.0,146904 km,Benzin,Mexaniki,Sedan,,Sumqayıt,Xeyr,Xeyr,2,2026-08-26,21737
100416, Nissan,Patrol,2019,3.5,214981,Dizel,Mexaniki,Hetçbek,Qəhvəyi,Bakı,Xeyr,Xeyr,1,2026-01-30,28378 AZN
100028,HYUNDAI,Accent,2015,3.0,88470 km,Benzin,Avtomat,Furqon,Gümüşü,GƏNCƏ,Xeyr,Xeyr,1,2026-04-21,16137
100565,Ford,Focus,2003,2.4,326197,Dizel,Avtomat,Sedan,Gümüşü,Bakı,Xeyr,Bəli,2,2026-02-17,"3,340"
100472,Kia,Cerato,2011,3.5,165701 km,Benzin,Avtomat,Sedan,Mavi,Gəncə,XEYR,,1,2026-04-29,11960
100821,Kia,Rio,2022,2.0,81068,Benzin,Mexaniki,Hetçbek,Qara,Salyan,Xeyr,Xeyr,3,2026-01-23,33385
100263,Opel,Zafira,2012,3.0,225304,Qaz,Avtomat,Offroader,Qara,Bakı,Bəli,Xeyr,1,2026-06-21,7477
100809,LADA,Priora,2003,,395360,Benzin,Avtomat,Offroader,Qara,Bakı,Xeyr,Xeyr,2,2026-08-09,2200 AZN
100245,Hyundai,Santa Fe,2016,3.5,164742 km,Hibrid,Robot,Offroader,Qara,Bakı,Xeyr,Xeyr,2,2026-02-08,30 037
100475,MERCEDES,Vito,2005,1.6,364548,Benzin,Mexaniki,Sedan,Qəhvəyi,Mingəçevir,Xeyr,Bəli,1,2026-07-27,4789 AZN
100073,Mercedes,C 180,2023,3.0,50885,Dizel,Avtomat,Sedan,Boz,GƏNCƏ,xeyr,yoxdur,1,2026-01-30,67070
100084,Hyundai,Accent,2013,4.0,224622 km,Benzin,Avtomat,Sedan,Mavi,Bakı,Bəli,Xeyr,2,2026-04-22,12136 AZN
100091,Mercedes,C 180,2020,2.0,170251 km,Benzin,Mexaniki,Furqon,Qırmızı,GƏNCƏ,Xeyr,Xeyr,1,31.08.2026,29599
100698,Nissan,Juke,2011,2.0,298877,Hibrid,Avtomat,Hetçbek,,Bakı,Xeyr,,3,2026-08-20,9657 AZN
100224,Opel,Vectra,2007,2.5,372606,Benzin,Mexaniki,Sedan,Ağ,Bakı ,Xeyr,Xeyr,4+,22/05/2026,3809 AZN
100498,Hyundai,Elantra,2009,2.0,340037,Benzin,Avtomat,Sedan,Mavi,BAKI,Xeyr,Bəli,1,2026-01-13,5937
100207,Ford,Focus,2009,4.0,272541,Benzin,Avtomat,Sedan,Yaşıl,Lənkəran,Bəli,Xeyr,1,2026-06-27,"7,892"
100304,Hyundai,Elantra,2001,2.5,370411,Benzin,Avtomat,Sedan,Qara,Bakı,Xeyr,Xeyr,4+,2026-02-28,2828
100365,Nissan,Patrol,2011,1.8,314249,Benzin,Avtomat,Sedan,Mavi,şirvan,var,XEYR,1,2026-03-31,6436
100312,Kia,Optima,2019,2.0,193705,Dizel,Mexaniki,Sedan,Boz,Bakı ,BƏLİ,yoxdur,4+,08/07/2026,14109
100579,Ford,Focus,2020,1.6,147106,Benzin,Mexaniki,Universal,Gümüşü,Bərdə,Xeyr,Xeyr,2,2026-07-13,22753
100846,Kia,Sorento,2005,2.5,341168 km,Dizel,Avtomat,Sedan,Mavi,Bakı,Bəli,Xeyr,2,2026-01-15,3397
100537,Toyota,RAV4,2018,1.4,94309,Benzin,Variator,Sedan,Mavi,bakı,Xeyr,,2,18.05.2026,24325 AZN
100605,KIA,Sorento,2015,2.4,150636,Benzin,Avtomat,Offroader,Gümüşü,Bakı,yoxdur,bəli,,2026-07-30,16518 AZN
100331,Hyundai,Santa Fe,2002,4.0,371264 km,Benzin,Avtomat,Offroader,Qırmızı,  Bakı ,Xeyr,Bəli,3,2026-04-23,4651
100428,Chevrolet,Cruze,2006,1.6,247387,Dizel,Avtomat,Sedan,Qara,Bakı,Xeyr,Xeyr,1,2026-04-21,4245
100558, Toyota,RAV4,2002,2.0,,Benzin,Avtomat,Sedan,,Şirvan ,Xeyr,Bəli,1,2026-08-07,2766
100184,Ford,Transit,2006,3.5,,Benzin,Mexaniki,Sedan,Ağ,Şirvan,Xeyr,Xeyr,1,2026-06-13,5003
100278,Hyundai,Elantra,2014,2.4,166241,Dizel,Mexaniki,Offroader,Qəhvəyi,Bakı,Xeyr,Xeyr,2,2026-02-02,15427
100889,Ford,Fusion,2016,2.5,127712 km,Benzin,Mexaniki,Universal,Qara,Şirvan,Xeyr,,,2026-08-07,"14,325"
100039,BMW,320,2020,3.5,52021 km,Benzin,Mexaniki,Sedan,Boz,Bakı,Xeyr,Bəli,,25/05/2026,111
100494,Opel,Insignia,2012,4.0,248119,Dizel,Mexaniki,Sedan,Qırmızı,Bakı,Xeyr,Bəli,2,2026-05-14,9393
100940,Kia,Sorento,2010,1.4,307972,Dizel,Mexaniki,Offroader,Ağ,Xaçmaz,Xeyr,Xeyr,2,2026-04-10,7362
100309,Mercedes,C 180,2012,3.5,262195,Benzin,Mexaniki,Hetçbek,Yaşıl,Bakı,Xeyr,Xeyr,1,2026-04-26,16252
100198,LADA,Granta,2018,1.5,157005,Benzin,Avtomat,Sedan,Ağ,SUMQAYIT,Xeyr,Bəli,1,2026-04-26,6877 AZN
100152, Mercedes,Vito,2014,2.0,149621 km,Benzin,Robot,Sedan,Ağ,BAKI,Bəli,Xeyr,2,2026-08-25,13231
100762,Nissan,Sunny,2014,3.0,254609,Qaz,Mexaniki,Sedan,Mavi,şəki,Xeyr,Xeyr,2,2026-08-13,13315
100766,Mercedes,E 200,2008,3.0,224320,Benzin,Robot,Offroader,Ağ,BAKI,Xeyr,Bəli,3,2026-05-31,"10,520"
100383,Hyundai,Sonata,2008,1.4,266390 km,Benzin,Avtomat,Sedan,Qəhvəyi,Bakı,xeyr,yoxdur,1,2026-01-15,5857
100344,LADA,Vesta,2012,1.7,245403,Hibrid,Avtomat,Sedan,Qırmızı,ŞIRVAN,Xeyr,Xeyr,,2026-06-26,5087
100633,Mercedes,Vito,2005,3.0,342751 km,Dizel,Avtomat,Offroader,Yaşıl,Lənkəran,Xeyr,Bəli,2,2026-01-28,7199
100362,BMW,320,1998,,466407 km,Benzin,Avtomat,Offroader,Mavi,Bakı,Bəli,Bəli,2,2026-03-21,"2,340"
100780,Mercedes,Vito,2014,2.4,233650 km,Benzin,Avtomat,Offroader,Qəhvəyi,Bakı ,Bəli,Xeyr,1,02.08.2026,"19,216"
100899,Opel,Astra,2004,4.0,489918,Benzin,Avtomat,Offroader,Qara,Bakı,Xeyr,Bəli,4+,03.07.2026,"3,457"
100723,Opel,Astra,2014,2.0,190822,Benzin,Avtomat,Offroader,Qara,Bakı,Xeyr,Xeyr,1,2026-04-17,13671
100644,Chevrolet,Cruze,2007,1.4,340964,Benzin,Variator,Sedan,,Bakı,Xeyr,Xeyr,1,03/04/2026,4213
100061,MERCEDES,S 500,2024,1.5,15251,Benzin,Robot,Sedan,Qırmızı,Quba,Xeyr,Bəli,1,2026-02-07,46964 AZN
100820,Nissan,Sunny,2007,1.4,272367,Benzin,Mexaniki,Sedan,Qəhvəyi,Lənkəran,Bəli,Xeyr,4+,2026-05-25,"3,638"
100715,Ford,Kuga,2006,3.0,350598 km,Dizel,Avtomat,Kupe,Qəhvəyi,Sumqayıt,Xeyr,Xeyr,2,2026-03-13,4 879
100790,LADA,Priora,2013,1.7,190887,Benzin,Avtomat,Furqon,Ağ,Bakı,Xeyr,Bəli,1,2026-05-08,"3,870"
100656, Opel,Corsa,2023,1.6,76072,Benzin,Avtomat,Sedan,Boz,Bakı,Xeyr,Xeyr,2,2026-08-04,30125
100237,Toyota,Camry,2006,1.4,316853,Benzin,Mexaniki,Sedan,Qırmızı,şirvan,Xeyr,Xeyr,1,2026-08-03,"4,140"
100666,mercedes,S 500,2009,2.0,299235,Benzin,Avtomat,Sedan,Mavi,Bakı,Xeyr,Xeyr,1,2026-03-14,8571
100689,Toyota,RAV4,2020,1.8,126222 km,Benzin,Variator,Sedan,Qırmızı,Xaçmaz,Xeyr,Xeyr,2,2026-07-25,32324
100482,Hyundai,Santa Fe,2018,4.0,139483 km,Benzin,Robot,Hetçbek,Yaşıl,Salyan,Bəli,Xeyr,3,2026-07-24,"23,139"
100072,Mercedes,S 500,2007,1.6,288746,Dizel,Avtomat,Hetçbek,Boz,Gəncə,Xeyr,Xeyr,3,02/06/2026,7844
100853,Kia,Optima,2016,1.8,163501 km,Benzin,Mexaniki,Universal,Gümüşü,Salyan,Xeyr,Xeyr,2,29.06.2026,15738
100943,NISSAN,Qashqai,2003,1.6,475368 km,Benzin,Avtomat,Offroader,Yaşıl,Bakı,Xeyr,Xeyr,2,02/05/2026,3013
100841,BMW,520,2014,3.5,219451 km,Dizel,Avtomat,Furqon,,şəki,xeyr,BƏLİ,4+,2026-08-19,16571
100460,Nissan,Patrol,2016,2.5,165158,Dizel,Avtomat,Sedan,Boz,Bakı,var,var,1,03.02.2026,13738
100815,Hyundai,Accent,1997,2.4,536378,Dizel,Avtomat,Offroader,Qırmızı,Bakı,Xeyr,Xeyr,2,2026-04-06,2200
100639,Opel,Insignia,2013,2.5,227391,Dizel,Avtomat,,Qara,Bakı,Xeyr,Xeyr,,28.05.2026,8687
100664,BMW,730,2008,1.8,,Hibrid,Avtomat,Universal,Yaşıl,Gəncə,yoxdur,xeyr,1,2026-02-21,"8,534"
100642,Mercedes,C 180,2015,3.0,,Benzin,Robot,Sedan,Gümüşü,gəncə,Bəli,Xeyr,3,2026-03-31,17964
100747,Chevrolet,Cruze,2004,2.0,436854 km,Dizel,Avtomat,Hetçbek,Yaşıl,Sumqayıt ,Xeyr,Bəli,1,19.01.2026,2256 AZN
100284,Ford,Mondeo,2007,1.4,280262,Dizel,Mexaniki,Offroader,Qara,Bakı,Xeyr,Xeyr,3,2026-01-28,4940 AZN
100041,BMW,520,2015,4.0,176708 km,Benzin,Avtomat,Sedan,Qırmızı,  Bakı ,Xeyr,Bəli,,12.07.2026,25626
100501, Toyota,RAV4,2009,1.4,380296,Dizel,Mexaniki,Universal,Ağ,Gəncə,Xeyr,Bəli,2,2026-05-24,4658 AZN
100854,Nissan,Sunny,2016,3.0,240249,Benzin,Mexaniki,Sedan,,Bakı,Xeyr,Bəli,2,03.07.2026,14943
100008,hyundai,Accent,2012,3.0,256709,Qaz,Avtomat,Hetçbek,Qırmızı,Şirvan,Xeyr,Xeyr,1,04.07.2026,9 581
100390,Opel,Vectra,2008,2.4,358157,Qaz,Mexaniki,,Qara,Naxçıvan,xeyr,XEYR,1,2026-06-01,3456
100997,Nissan,Qashqai,2008,1.8,314688,Benzin,Mexaniki,,Qırmızı,Sumqayıt,Xeyr,Bəli,1,25.01.2026,4522
100524,Opel,Vectra,2016,2.0,200907 km,Benzin,Avtomat,Offroader,Qəhvəyi,Gəncə,xeyr,xeyr,4+,2026-04-18,15849
100368,Opel,Insignia,2018,1.5,163392,Benzin,Avtomat,Offroader,Qəhvəyi,Bakı,Bəli,Xeyr,1,2026-07-17,15104
100442,Opel,Astra,2018,1.5,151948 km,Benzin,Avtomat,Sedan,Qəhvəyi,Sumqayıt,yoxdur,xeyr,2,2026-05-01,13048
100926,Nissan,Patrol,2015,2.0,128514,Benzin,Avtomat,Sedan,Ağ,QUBA,XEYR,yoxdur,4+,2026-07-24,18421
100090,Hyundai,Santa Fe,2001,4.0,422913,Dizel,Avtomat,Sedan,Yaşıl,Bakı,Xeyr,Xeyr,4+,27.03.2026,3717
100023,Opel,Astra,2019,1.8,91375,Benzin,Mexaniki,Universal,Gümüşü,Xaçmaz,yoxdur,XEYR,3,2026-04-16,15748
100130,Mercedes,GLE 350,2013,2.0,206522,Benzin,Variator,Offroader,Qəhvəyi,Naxçıvan,Xeyr,Xeyr,,2026-03-26,"20,932"
100243,Hyundai,Accent,2007,2.4,304074,Benzin,Robot,Sedan,Gümüşü,Sumqayıt,Xeyr,Bəli,1,01.06.2026,4759
100024,Mercedes,S 500,2016,2.4,109258 km,Dizel,Robot,Hetçbek,,Bakı,Xeyr,Xeyr,1,2026-02-21,24971 AZN
100745, LADA,Granta,2013,1.7,264554,Dizel,Avtomat,Sedan,Qara,Sumqayıt,Xeyr,Xeyr,1,18.05.2026,3842
100466,Toyota,Corolla,2011,1.6,249875,Dizel,Avtomat,Kupe,Qəhvəyi,BAKI,Xeyr,Bəli,2,2026-08-05,9 728
100080,Toyota,Prado,2009,1.6,252342,Qaz,Mexaniki,,Gümüşü,Mingəçevir,Bəli,Xeyr,2,2026-04-27,5019
100465,Kia,Sportage,2013,2.0,173129,Benzin,Mexaniki,Offroader,,Gəncə,Bəli,Xeyr,2,14/01/2026,9354
100372,KIA,Optima,2014,2.5,204305,Benzin,Mexaniki,Hetçbek,Mavi,Şəki,Xeyr,Bəli,2,2026-01-19,10 239
100185,LADA,2107,2019,1.6,140908,Qaz,Mexaniki,Sedan,Gümüşü,Şirvan,var,BƏLİ,,2026-03-09,4730
100860,Mercedes,C 180,1999,2.5,500242,Benzin,Avtomat,Sedan,Gümüşü,Bakı,Xeyr,Bəli,1,2026-08-18,2445
100811,Kia,Sportage,2007,3.0,323221,Benzin,Avtomat,Sedan,Gümüşü,Bakı,XEYR,bəli,2,2026-01-17,5037 AZN
100813,Kia,Sportage,2020,1.8,78472 km,Benzin,Mexaniki,Hetçbek,Gümüşü,Gəncə,Xeyr,Bəli,4+,21/07/2026,22369
100373,Nissan,X-Trail,2015,2.5,120176,Benzin,Avtomat,Hetçbek,Qəhvəyi,Quba,Xeyr,Bəli,2,19.04.2026,16535 AZN
100806,HYUNDAI,Accent,2013,4.0,306619 km,Qaz,Mexaniki,Hetçbek,Boz,Mingəçevir,Xeyr,Xeyr,2,2026-05-10,13470 AZN
100759,Hyundai,Santa Fe,2016,3.5,77164 km,Dizel,Mexaniki,Universal,,Bakı,Xeyr,Bəli,1,07.02.2026,21 582
100484,Opel,Zafira,2019,2.0,101204,Dizel,Avtomat,Universal,Ağ,  Lənkəran ,Xeyr,Xeyr,1,2026-05-05,19773
100996,lada,Vesta,2011,1.5,303353,Benzin,Mexaniki,,Boz,Xaçmaz,Xeyr,Bəli,1,2026-01-04,2635
100533,Kia,Cerato,2010,2.5,253942,Benzin,Avtomat,Offroader,Mavi,quba,Xeyr,Xeyr,2,12/03/2026,9243
100577,Hyundai,Santa Fe,2018,2.0,202155 km,Dizel,Avtomat,Offroader,Qırmızı,Bakı,xeyr,var,2,2026-03-21,22656
100240,Mercedes,Vito,2020,2.5,79908,Benzin,Avtomat,Offroader,,Şəki,Xeyr,Xeyr,1,2026-07-05,54301
100553,Mercedes,E 200,2013,3.5,,Dizel,Avtomat,Hetçbek,,bakı,xeyr,BƏLİ,,2026-07-13,21593
100471,Toyota,RAV4,2016,2.0,102661,Benzin,Avtomat,Hetçbek,Qırmızı,Quba,Xeyr,Xeyr,1,2026-02-21,20925
100498,Hyundai,Elantra,2009,2.0,340037,Benzin,Avtomat,Sedan,Mavi,BAKI,Xeyr,Bəli,1,2026-01-13,5937
100164,Nissan,Sunny,2022,2.4,0 km,Benzin,Avtomat,Sedan,Boz,Bakı,Xeyr,Bəli,,2026-03-30,39045
100415,Hyundai,Santa Fe,2022,3.0,35770 km,Benzin,Avtomat,Sedan,Qəhvəyi,xaçmaz,Xeyr,Bəli,,15.06.2026,40 058
100387,Opel,Zafira,2003,1.5,456581 km,Dizel,Avtomat,Offroader,Ağ,Xaçmaz ,Xeyr,Xeyr,2,2026-05-28,2678
100145,Hyundai,Elantra,2006,0.0,361845 km,Elektro,Avtomat,Sedan,Boz,  Bakı ,Xeyr,Xeyr,1,2026-06-16,"6,083"
100993,Chevrolet,Cruze,2011,3.5,,Dizel,Avtomat,Sedan,Yaşıl,Gəncə,Bəli,Xeyr,3,29.04.2026,8242 AZN
100208,Ford,Kuga,2016,1.8,182668,Dizel,Mexaniki,Sedan,Qırmızı,Bakı,Xeyr,Bəli,4+,17.07.2026,11593
100430,Nissan,Qashqai,2002,2.0,406669 km,Hibrid,Avtomat,Sedan,,Bakı,Xeyr,Bəli,3,03.07.2026,3101
100898,Ford,Focus,2017,1.5,183658,Benzin,Avtomat,Sedan,,Şirvan,Bəli,Xeyr,1,2026-08-11,12770
100708,BMW,730,2017,2.0,162094 km,Hibrid,Mexaniki,Universal,Boz,Bakı,Xeyr,Xeyr,2,2026-07-26,30 220
100856,Mercedes,C 180,2017,1.8,221185,Benzin,Avtomat,Offroader,Boz,Bakı,Xeyr,Bəli,3,2026-04-23,26151 AZN
100646,LADA,Niva,2005,1.5,275040 km,Qaz,Avtomat,Furqon,Qırmızı,Bakı ,xeyr,xeyr,2,2026-02-11,2 200
100536,Chevrolet,Malibu,2011,3.0,218673,Benzin,Mexaniki,Offroader,Qəhvəyi,Bakı,Xeyr,Bəli,,2026-04-17,"10,846"
100794,Hyundai,Santa Fe,2007,2.0,341075 km,Benzin,Mexaniki,Offroader,Mavi,Bakı,Xeyr,Xeyr,2,2026-03-15,6166
100481,Ford,Mondeo,2019,1.5,12638 km,Benzin,Mexaniki,Sedan,Qırmızı,Mingəçevir,Xeyr,Xeyr,2,2026-06-25,"21,061"
100574,Chevrolet,Cruze,2017,2.0,240463,Qaz,Variator,Hetçbek,Qara,Sumqayıt,Xeyr,Bəli,3,14/06/2026,11409
100409,KIA,Sorento,2018,1.8,137517,Benzin,Robot,Offroader,Yaşıl,Bakı,xeyr,,2,2026-02-01,22265
100967,LADA,Vesta,2001,1.6,436586,Benzin,Avtomat,Hetçbek,Gümüşü,Bakı,Bəli,Xeyr,1,2026-07-16,2200 AZN
100332,Mercedes,C 180,2006,2.0,362169,Benzin,Mexaniki,Sedan,Ağ,Bakı,Xeyr,Xeyr,3,29.03.2026,5502
100555,Toyota,Corolla,2012,2.4,215811,Benzin,Mexaniki,,Boz,Bakı,Xeyr,,,28.06.2026,"11,822"
100458,BMW,520,2014,2.0,259380,Dizel,Avtomat,Sedan,Gümüşü,Bakı,Xeyr,Bəli,2,2026-01-06,13 185
100002,Nissan,Patrol,2006,3.5,356086,Benzin,Robot,Hetçbek,Gümüşü,Sumqayıt,Xeyr,Xeyr,4+,2026-01-24,5 420
100289,LADA,2107,2015,1.5,167475,Dizel,Variator,Sedan,Qırmızı,Şirvan,Xeyr,Xeyr,2,2026-07-08,5408
100231,BMW,X5,2014,1.8,158351,Benzin,Mexaniki,Sedan,Qırmızı,Gəncə,Xeyr,Xeyr,1,2026-05-29,17152
100093,MERCEDES,E 200,2012,3.0,285576,Benzin,Avtomat,Hetçbek,Gümüşü,GƏNCƏ,Xeyr,Xeyr,2,2026-08-20,16691
100089,Opel,Corsa,2003,2.0,409773,Dizel,Avtomat,Hetçbek,Qəhvəyi,Bakı,Xeyr,Xeyr,,18/07/2026,2300
100307,Mercedes,S 500,2009,2.0,292660,Benzin,Mexaniki,Sedan,Qırmızı,Bakı,xeyr,bəli,4+,2026-01-03,7921
100380,OPEL,Corsa,2007,2.5,392729,Dizel,Avtomat,Offroader,Mavi,Bakı,Xeyr,Bəli,1,2026-05-02,4441
100403,BMW,730,2018,1.5,89540,Qaz,Avtomat,Offroader,Qəhvəyi,Bakı,Xeyr,,,2026-05-29,27223
100951,Opel,Corsa,2012,2.4,242010,Benzin,Mexaniki,Offroader,Gümüşü,Bakı,Xeyr,Xeyr,1,2026-06-11,9 439
100076,LADA,Priora,2012,1.5,189913,Dizel,Avtomat,Offroader,Boz,  Bakı ,Bəli,Xeyr,3,2026-07-06,3708
100966,Ford,Kuga,2001,4.0,479928,Dizel,Robot,Universal,Gümüşü,BAKI,Xeyr,Xeyr,1,2026-02-20,2339
100276,Opel,Zafira,2003,,442046 km,Benzin,Avtomat,Hetçbek,Gümüşü,Bakı,Xeyr,,3,06.03.2026,2 392
100433,Mercedes,Vito,2003,2.0,320210,Dizel,Mexaniki,Sedan,Yaşıl,Bakı,Bəli,Xeyr,1,02/05/2026,3837
100974,Ford,Focus,2009,1.8,303266 km,Benzin,Avtomat,Sedan,Qara,Bakı ,XEYR,XEYR,1,14.05.2026,5513
100444,Mercedes,GLE 350,2006,2.0,303997,Benzin,Variator,Sedan,Boz,Gəncə,Bəli,Bəli,,2026-03-11,4792 AZN
100447,LADA,Vesta,2012,1.6,253398,Dizel,Avtomat,,Mavi,NAXÇIVAN,Bəli,Xeyr,3,2026-03-15,2763
100048,Kia,Cerato,2008,0.0,314454,Elektro,Avtomat,Offroader,Qara,xaçmaz,XEYR,xeyr,2,2026-02-14,8641 AZN
100021,Nissan,X-Trail,2014,2.0,169797,Qaz,Avtomat,Offroader,Qırmızı,Bakı,Xeyr,Xeyr,4+,2026-04-24,14715
100340,Chevrolet,Aveo,2019,2.4,115673 km,Hibrid,Avtomat,Hetçbek,Qırmızı,Bakı,Xeyr,,1,2026-06-07,30670
100077,Mercedes,Vito,2008,2.0,287766,Hibrid,Avtomat,Hetçbek,,Bakı,Xeyr,Xeyr,1,24.05.2026,"9,234"
100828,Kia,Sorento,2003,2.5,368367 km,Benzin,Avtomat,Sedan,Qara,BAKI,Bəli,Bəli,2,2026-03-18,1
100825,Mercedes,C 180,2012,1.5,219679 km,Benzin,Avtomat,Sedan,Yaşıl,Bərdə,Xeyr,Bəli,3,2026-08-13,10493
100338,LADA,Granta,2010,1.5,219478,Benzin,Avtomat,Offroader,Qəhvəyi,Bakı,Xeyr,Xeyr,2,2026-08-09,4103
100986,Ford,Transit,2004,2.5,,Benzin,Avtomat,Offroader,Qara,Bakı,Xeyr,Xeyr,1,2026-02-11,4178
100379,BMW,116,2009,1.6,284061 km,Benzin,Mexaniki,Universal,Mavi,Bərdə,var,xeyr,3,12/07/2026,6768
100710,Ford,Fusion,1999,1.4,355632,Benzin,Mexaniki,Sedan,Yaşıl,Sumqayıt,Xeyr,Xeyr,1,28.06.2026,2200
100187,Toyota,Yaris,2020,1.6,58369,Benzin,Mexaniki,Offroader,,Bakı,Xeyr,,1,25.08.2026,29745
100414,Ford,Fusion,2005,1.5,399938,Benzin,Avtomat,Sedan,Qırmızı,Bakı,Xeyr,Bəli,2,07/02/2026,"3,184"
100469,Ford,Mondeo,2011,2.0,,Hibrid,Mexaniki,Furqon,Mavi,Xaçmaz,Bəli,Bəli,3,2026-08-09,4756 AZN
100018, LADA,Vesta,2013,1.7,194131 km,Benzin,Avtomat,Furqon,Boz,Sumqayıt,Xeyr,Xeyr,1,2026-04-28,4072 AZN
100204,BMW,520,2007,1.4,322329,Dizel,Variator,Offroader,Yaşıl,Bakı ,Bəli,Bəli,1,26/07/2026,"5,392"
100004,Mercedes,C 180,2016,1.5,183357,Qaz,Robot,Sedan,Qəhvəyi,GƏNCƏ,Xeyr,Xeyr,1,2026-08-28,"16,646"
100036,Hyundai,Santa Fe,2014,1.5,206654,Dizel,Avtomat,Offroader,Ağ,bakı,Xeyr,Xeyr,1,2026-03-13,15835
100101,Ford,Focus,2014,2.0,203813 km,Dizel,Avtomat,Hetçbek,Qara,Şirvan,Xeyr,Xeyr,1,2026-07-28,12119
100977,Hyundai,Accent,2006,1.4,303612,Benzin,Mexaniki,Sedan,Gümüşü,Bakı ,Xeyr,Bəli,1,2026-02-11,4027
100921,Mercedes,S 500,2012,1.6,217347,Benzin,Mexaniki,Offroader,Qırmızı,Gəncə,Xeyr,Xeyr,1,2026-03-27,15510
100317,LADA,Priora,2005,1.7,314923,Benzin,Mexaniki,Universal,Gümüşü,Bakı,Xeyr,Xeyr,1,2026-01-01,2200
100701,mercedes,E 200,2018,1.6,143636,Benzin,Mexaniki,Sedan,Boz,Bərdə,XEYR,bəli,1,14/02/2026,25 281
100840,Chevrolet,Malibu,2015,2.0,232112,Benzin,Mexaniki,Offroader,Ağ,Lənkəran,XEYR,XEYR,4+,2026-04-06,13630
100142,Ford,Fusion,2013,2.4,276140,Benzin,Avtomat,Sedan,Yaşıl,Şirvan,yoxdur,yoxdur,1,13.07.2026,10242
100564,Hyundai,Tucson,2015,1.5,222840,Benzin,Mexaniki,Hetçbek,Gümüşü,  Bakı ,Xeyr,Bəli,2,2026-02-13,"9,192"
100432,Opel,Corsa,2006,1.8,341967,Benzin,Mexaniki,Sedan,Qəhvəyi,Bakı,Xeyr,Bəli,2,2026-01-11,2887
100283,nissan,Patrol,2006,2.5,350846 km,Benzin,Mexaniki,Hetçbek,Qara,Bakı,Xeyr,Bəli,4+,2026-06-03,3882
100495,Chevrolet,Cruze,2008,3.5,333594,Benzin,Avtomat,Sedan,Yaşıl,Bakı,Xeyr,Bəli,2,05.04.2026,5830
100863,Chevrolet,Malibu,2017,1.4,121924,Benzin,Avtomat,Furqon,Yaşıl,LƏNKƏRAN,yoxdur,yoxdur,3,2026-03-21,11836 AZN
100523,Hyundai,Santa Fe,2019,1.6,142233,Benzin,Avtomat,Sedan,Gümüşü,Bakı,Xeyr,Bəli,3,20/02/2026,19515
100604,Chevrolet,Captiva,2011,2.4,158291,Benzin,Variator,Hetçbek,,Bakı,Xeyr,Bəli,1,29.03.2026,111
100088,Mercedes,S 500,2002,1.5,515284 km,Benzin,Avtomat,Offroader,Ağ,Bakı,XEYR,XEYR,1,2026-02-08,3955 AZN
100250,Nissan,Qashqai,2019,2.5,130062,Benzin,Mexaniki,Hetçbek,Qara,Bakı,Xeyr,Xeyr,3,2026-07-31,23605
100327,Ford,Kuga,2017,1.5,121571,Dizel,Mexaniki,Sedan,,Xaçmaz,Xeyr,Bəli,2,2026-01-31,14837
100595,Kia,Sportage,2021,3.0,171750,Dizel,Avtomat,Universal,Qırmızı,Bakı,Xeyr,Xeyr,1,2026-08-30,"34,723"
100567,Mercedes,C 180,2011,4.0,,Benzin,Variator,Offroader,Ağ,Bakı,Xeyr,Xeyr,2,2026-07-14,"23,173"
100241,Chevrolet,Aveo,2014,2.5,,Benzin,Avtomat,Sedan,Ağ,Şəki,XEYR,XEYR,,06/08/2026,10736
100064,Toyota,Yaris,2009,0.0,283912 km,Elektro,Avtomat,Kupe,Yaşıl,Bakı,yoxdur,XEYR,3,2026-06-05,10854
100296,BMW,730,2017,2.5,130211 km,Hibrid,Avtomat,Sedan,Gümüşü,Bakı,Xeyr,Xeyr,,2026-06-22,30502
100096,Hyundai,Elantra,2015,3.0,182111,Qaz,Avtomat,Hetçbek,Qırmızı,Bakı,XEYR,BƏLİ,1,2026-07-29,16500 AZN
100393,LADA,Granta,2015,1.5,193761,Benzin,Mexaniki,Offroader,Gümüşü,Şəki,Xeyr,Bəli,1,07.06.2026,5585
100965,BMW,730,2015,1.4,186865 km,Benzin,Avtomat,Sedan,Yaşıl,Bakı,bəli,yoxdur,1,01/03/2026,14080
100194,Toyota,Prado,2014,1.4,131910,Hibrid,Avtomat,Offroader,Qırmızı,Bakı,xeyr,xeyr,2,2026-02-06,19088
100303,Toyota,RAV4,2016,2.0,169278 km,Benzin,Avtomat,Universal,Gümüşü,Mingəçevir,Xeyr,Bəli,2,2026-02-12,16099
100086,Chevrolet,Malibu,2006,1.6,333224 km,Benzin,Avtomat,Sedan,Qara,bakı,XEYR,yoxdur,3,2026-04-25,4029
100561,Hyundai,Santa Fe,2005,2.4,431504 km,Dizel,Avtomat,Hetçbek,Mavi,Sumqayıt,Xeyr,Bəli,3,2026-01-09,3306 AZN
100012,BMW,520,2001,1.4,391088 km,Benzin,Avtomat,Sedan,Qara,Sumqayıt,XEYR,xeyr,1,2026-05-12,2942
100386,Toyota,Prado,2005,1.5,331934,Benzin,Robot,Offroader,Gümüşü,Sumqayıt,Xeyr,Xeyr,,2026-01-28,5204
100963,Kia,Rio,2014,3.5,206591 km,Benzin,Mexaniki,Sedan,Mavi,Bakı,Xeyr,Xeyr,2,22.04.2026,14497
100700,Kia,Cerato,2013,,186202 km,Benzin,Robot,Hetçbek,Qırmızı,Bakı,Xeyr,Bəli,1,2026-04-14,8977
100572,Chevrolet,Lacetti,2000,2.5,401933 km,Dizel,Avtomat,Offroader,Qəhvəyi,Bakı,Xeyr,Xeyr,2,24.02.2026,2447
100612,LADA,2107,2016,1.7,177980,Benzin,Variator,Sedan,Ağ,  Lənkəran ,Xeyr,Bəli,1,2026-08-11,5814
100521, Kia,Sorento,2013,2.0,181618,Benzin,Avtomat,Offroader,Qara,Bakı,xeyr,yoxdur,3,2026-05-27,13073
100663,Toyota,RAV4,2006,1.5,,Benzin,Mexaniki,Offroader,Yaşıl,Xaçmaz,Xeyr,Xeyr,3,11.04.2026,1234567
100047,Hyundai,Elantra,2013,4.0,245143,Benzin,Avtomat,Kupe,Qara,Gəncə,Xeyr,Xeyr,2,08.04.2026,18503
100118,Ford,Mondeo,2008,1.4,325147 km,Qaz,Avtomat,Universal,,Şirvan,Xeyr,Xeyr,2,2026-05-22,4 028
100809,LADA,Priora,2003,,395360,Benzin,Avtomat,Offroader,Qara,Bakı,Xeyr,Xeyr,2,2026-08-09,2200 AZN
100445, Mercedes,GLE 350,2011,1.8,244682,Dizel,Avtomat,Sedan,Mavi,Bakı,Xeyr,Xeyr,2,2026-02-16,13165
100892,BMW,116,2003,1.4,410321,Benzin,Avtomat,Sedan,Gümüşü,Şirvan,Xeyr,Bəli,1,2026-05-27,3260
100713,Opel,Vectra,2013,2.5,184906,Benzin,Variator,Sedan,Mavi,QUBA,Bəli,,1,22.05.2026,7414 AZN
100535,Opel,Insignia,2020,1.4,106606 km,Benzin,Variator,Furqon,Ağ,Bakı,XEYR,var,1,28/02/2026,13461
100065,Chevrolet,Aveo,2016,1.8,137195,Benzin,Mexaniki,Offroader,Gümüşü,Gəncə,Bəli,Xeyr,1,2026-05-29,12453
100017,Hyundai,Elantra,2013,3.0,269431,Benzin,Avtomat,Universal,Qara,Gəncə,Xeyr,Xeyr,,05.03.2026,14350
100003,hyundai,Tucson,2018,3.5,134777 km,Benzin,Avtomat,Furqon,Qara,Gəncə,Bəli,Xeyr,,2026-06-30,"19,151"
100683,Nissan,Sunny,2009,1.4,306877 km,Benzin,Avtomat,Offroader,Qəhvəyi,Bakı,XEYR,BƏLİ,1,2026-08-08,7 691
100775,BMW,116,2016,3.5,161206 km,Benzin,Robot,Universal,Boz,  Salyan ,Xeyr,Xeyr,2,14.01.2026,29 617
100190,Kia,Sorento,2009,2.5,197500 km,Qaz,Avtomat,Sedan,Qara,  Quba ,Xeyr,Xeyr,3,2026-08-08,6 600
100843,Mercedes,Vito,2004,2.5,407646,Dizel,Variator,Sedan,,SUMQAYIT,xeyr,XEYR,3,2026-08-31,4495
100120,Kia,Sorento,2000,1.4,574920,Benzin,Avtomat,Offroader,Qəhvəyi,bakı,Bəli,Xeyr,4+,2026-04-11,2 200
100046,LADA,Granta,2014,1.5,195962 km,Qaz,Mexaniki,Offroader,Qəhvəyi,Bakı,Bəli,Xeyr,3,2026-01-17,3514
100125,Toyota,Camry,2007,2.0,342011,Benzin,Avtomat,Sedan,Qəhvəyi,Bakı,Xeyr,Bəli,3,01/02/2026,5216
100850,Chevrolet,Captiva,2014,1.4,144756,Benzin,Avtomat,Offroader,,Bakı,Bəli,Bəli,3,06/03/2026,10049 AZN
100172,Toyota,Prado,2006,2.0,233650,Benzin,Avtomat,Hetçbek,Qəhvəyi,Bakı,Xeyr,,3,04/04/2026,"6,988"
100218,Toyota,Corolla,2010,4.0,314991,Benzin,Variator,Offroader,Qırmızı,Bakı ,Xeyr,Bəli,1,2026-05-22,"13,057"
100679,Toyota,Yaris,2003,1.8,442642,Benzin,Avtomat,Sedan,Qırmızı,Bakı,Xeyr,Xeyr,,2026-03-15,3 459
100934,Opel,Vectra,2015,4.0,250666,Dizel,Avtomat,Sedan,Mavi,Bakı,XEYR,XEYR,1,2026-07-11,15169
100051,BMW,X5,2015,2.0,134490 km,Benzin,Avtomat,Sedan,Mavi,Gəncə,Xeyr,Xeyr,2,2026-05-31,"23,713"
100767,Chevrolet,Aveo,2012,4.0,167580 km,Dizel,Avtomat,Hetçbek,Gümüşü,Mingəçevir,Xeyr,Xeyr,1,2026-05-10,12418
100957,Chevrolet,Cruze,2000,,432293,Benzin,Mexaniki,,Yaşıl,Bakı ,var,,1,2026-06-09,2 200
100836,Opel,Corsa,2014,1.8,156501,Hibrid,Avtomat,Offroader,Boz,bakı,Xeyr,Xeyr,2,2026-06-10,14311 AZN
100744,Mercedes,Vito,2015,2.0,238795 km,Benzin,Avtomat,Sedan,Boz,Gəncə,Xeyr,Xeyr,2,2026-06-07,"21,994"
100581,Nissan,Patrol,2014,3.5,249077,Benzin,Avtomat,Sedan,Boz,Mingəçevir,Xeyr,Bəli,2,2026-08-08,15870
100161,Chevrolet,Aveo,2009,2.4,219976 km,Benzin,Variator,Sedan,Ağ,Salyan,Xeyr,Bəli,2,2026-06-27,5776
100402,Mercedes,GLE 350,2001,1.6,441122 km,Benzin,Avtomat,Sedan,Mavi,Bakı ,Xeyr,Xeyr,3,2026-08-20,3405
100031,Toyota,Corolla,2019,1.5,124617 km,Dizel,Mexaniki,Offroader,Boz,QUBA,Xeyr,,2,2026-05-24,29 192
100512,Ford,Focus,2003,2.0,345455,Hibrid,Avtomat,Sedan,,Mingəçevir,XEYR,var,1,10.06.2026,3549
100563,Mercedes,E 200,2014,2.4,156160,Qaz,Avtomat,Sedan,Yaşıl,BAKI,Xeyr,Xeyr,2,2026-08-15,"19,706"
100662,Toyota,Corolla,2012,3.0,212775 km,Benzin,Avtomat,Universal,Qara,Quba,Xeyr,Xeyr,1,02.02.2026,15683
100116,BMW,116,2007,1.5,344145,Benzin,Variator,Universal,Yaşıl,Bakı,Bəli,Xeyr,1,22/03/2026,"4,842"
100155,LADA,2107,2021,0.0,120338 km,Elektro,Avtomat,Sedan,Yaşıl,Bakı,Xeyr,Xeyr,1,2026-07-24,17320
100106,LADA,Niva,2012,1.5,261854,Hibrid,Avtomat,Offroader,Qəhvəyi,Bakı,Xeyr,Bəli,1,26.05.2026,4581
100984,Mercedes,C 180,2024,,115234,Benzin,Avtomat,Sedan,Mavi,Sumqayıt,bəli,yoxdur,,2026-02-12,"36,333"
100244,Kia,Sorento,2014,1.6,156286,Benzin,Mexaniki,Offroader,Gümüşü,  Bakı ,Xeyr,,2,17/06/2026,10 869
100242,Chevrolet,Cruze,1998,1.6,473317 km,Dizel,Avtomat,Sedan,Qəhvəyi,Salyan,Xeyr,Bəli,,30.01.2026,2200
100534,Opel,Astra,2003,2.0,431317,Benzin,Avtomat,Sedan,Mavi,Bakı,Xeyr,Bəli,3,2026-06-04,2 200
100167,Opel,Vectra,2017,4.0,178766,Benzin,Avtomat,Offroader,Boz,Bakı,Xeyr,Xeyr,1,30/06/2026,23151
100694, BMW,116,2004,4.0,411661,Benzin,Avtomat,Offroader,Ağ,Lənkəran,Xeyr,Xeyr,1,2026-08-14,7185
100607,MERCEDES,C 180,2002,1.4,367891,Dizel,Variator,Sedan,Yaşıl,Bakı,Xeyr,Xeyr,1,2026-03-13,3292
100232,Opel,Astra,2011,1.8,313634 km,Benzin,Robot,Sedan,Qırmızı,BAKI,Bəli,Xeyr,4+,2026-05-26,4180
100665,LADA,Niva,2019,1.6,124859,Benzin,Mexaniki,Sedan,Mavi,Bakı,Xeyr,Bəli,2,2026-03-04,6 945
100918,Opel,Zafira,2002,2.0,421196,Dizel,Avtomat,Offroader,Yaşıl,Sumqayıt,Xeyr,Xeyr,3,2026-04-25,2756 AZN
100907,Mercedes,Vito,2011,2.0,250086,Benzin,Avtomat,Furqon,Qırmızı,Bakı,xeyr,bəli,2,2026-02-10,10874
100136,LADA,2107,2011,1.7,330918,Benzin,Avtomat,Sedan,Boz,Gəncə,Xeyr,Xeyr,1,2026-08-28,3 500
100864,hyundai,Accent,2019,2.5,76561 km,Benzin,Avtomat,Sedan,Mavi,  Bərdə ,Xeyr,Xeyr,3,06.01.2026,"28,621"
100879,Mercedes,Vito,2013,2.5,217443,Dizel,Mexaniki,Offroader,Boz,Şirvan ,Xeyr,Xeyr,1,2026-08-09,18231
100259,Kia,Rio,2005,1.6,354876 km,Benzin,Avtomat,Sedan,Gümüşü,Gəncə,Xeyr,Xeyr,2,2026-02-09,"3,311"
100391,Toyota,RAV4,2001,3.0,392123,Hibrid,Mexaniki,Furqon,Ağ,Bakı,Xeyr,,1,2026-07-26,2680
100554,Toyota,Corolla,2001,2.0,441983,Benzin,Avtomat,Sedan,Ağ,Bakı,xeyr,BƏLİ,,2026-02-04,2739
100613,Kia,Rio,2005,3.0,,Benzin,Avtomat,Sedan,Gümüşü,Gəncə,Xeyr,Xeyr,4+,2026-05-09,1234567
100092,Chevrolet,Lacetti,2002,4.0,393953,Benzin,Avtomat,Sedan,Gümüşü,Salyan,yoxdur,var,1,2026-02-09,3472
100038,LADA,Granta,2004,1.5,387879,Benzin,Avtomat,Offroader,Mavi,bakı,Xeyr,Bəli,1,2026-03-21,"2,200"
100571,Toyota,RAV4,2010,3.5,283357,Hibrid,Variator,Offroader,Qara,Mingəçevir,Xeyr,Xeyr,,27/05/2026,16483 AZN
100386,Toyota,Prado,2005,1.5,331934,Benzin,Robot,Offroader,Gümüşü,Sumqayıt,Xeyr,Xeyr,,2026-01-28,5204
100015,Ford,Kuga,2003,4.0,476571,Hibrid,Robot,Hetçbek,,Bakı,Xeyr,Bəli,4+,2026-01-01,"3,200"
100141, Opel,Vectra,2017,3.5,127515,Dizel,Avtomat,Sedan,Gümüşü,Bərdə,Xeyr,Xeyr,1,01.06.2026,20151 AZN
100461,kia,Optima,2013,2.0,216747,Benzin,Mexaniki,Sedan,,Bakı,Xeyr,Xeyr,2,22.01.2026,10506
100281,Nissan,Patrol,2013,1.5,226617,Benzin,Avtomat,Universal,Yaşıl,Lənkəran,Xeyr,Xeyr,4+,2026-08-13,11 124
100108,BMW,X5,2015,0.0,242004,Elektro,Avtomat,Universal,Qəhvəyi,Bakı,Xeyr,Xeyr,,2026-01-23,27064
100901,BMW,X5,2015,3.5,197582 km,Benzin,Avtomat,Sedan,Boz,Bakı,Bəli,Xeyr,1,14.07.2026,"18,394"
100137,Ford,Mondeo,2000,,452339,Dizel,Mexaniki,Furqon,Mavi,Bərdə,Xeyr,Bəli,4+,24/06/2026,"2,200"
100593,Nissan,Sunny,2012,3.5,249462,Benzin,Mexaniki,Sedan,Yaşıl,Bakı,Xeyr,Xeyr,2,2026-02-02,11308 AZN
100943,NISSAN,Qashqai,2003,1.6,475368 km,Benzin,Avtomat,Offroader,Yaşıl,Bakı,Xeyr,Xeyr,2,02/05/2026,3013
100323,Ford,Fusion,2017,3.0,119729,Benzin,Variator,Sedan,Mavi,  Quba ,Xeyr,Bəli,3,2026-06-12,18281 AZN
100314,Ford,Fusion,2022,1.8,79565,Benzin,Avtomat,Sedan,Qırmızı,Gəncə,Xeyr,Xeyr,4+,26/06/2026,31532
100799,Mercedes,Vito,2018,2.5,147136 km,Benzin,Avtomat,,Qara,Sumqayıt,yoxdur,bəli,,2026-07-31,29511
100614,Nissan,Juke,2007,1.8,375050 km,Benzin,Avtomat,Sedan,Boz,Bakı,Xeyr,Xeyr,1,26/08/2026,5 456
100159,Hyundai,Sonata,2015,2.5,162322 km,Benzin,Avtomat,Furqon,Mavi,Şəki,Xeyr,Bəli,2,2026-07-30,12720
100769,Hyundai,Elantra,2016,1.4,178833,Benzin,Mexaniki,Sedan,,  Mingəçevir ,yoxdur,yoxdur,1,2026-03-13,12697
100541,BMW,320,2004,2.4,357172,Hibrid,Robot,Sedan,Boz,bakı,Xeyr,Xeyr,1,2026-03-21,5969 AZN
100601,Chevrolet,Captiva,2009,1.5,261922,Benzin,Robot,Sedan,Qəhvəyi,  Bakı ,Xeyr,Xeyr,2,04/04/2026,4 935
100925,Toyota,Camry,2002,1.5,473847,Benzin,Robot,Furqon,Ağ,Bakı,Xeyr,Xeyr,1,2026-02-25,2200 AZN
100594,BMW,730,2015,1.4,195225,Qaz,Mexaniki,Sedan,Boz,Sumqayıt,Xeyr,Xeyr,2,2026-04-30,14306
100582,BMW,116,2014,1.6,256819,Hibrid,Avtomat,Kupe,Gümüşü,Xaçmaz,Xeyr,Xeyr,,2026-02-08,19696
100638,LADA,Niva,2011,1.6,276510,Benzin,Mexaniki,Furqon,Ağ,Quba,Xeyr,Xeyr,1,2026-01-20,2612
100787,hyundai,Sonata,2021,2.0,71836 km,Benzin,Robot,Furqon,Boz,Gəncə,Bəli,Xeyr,2,2026-06-27,20817 AZN
100810,Opel,Corsa,2016,1.8,153022 km,Benzin,Mexaniki,Hetçbek,,bakı,Xeyr,,2,2026-05-04,11157
100827,BMW,520,2012,3.5,234345,Dizel,Avtomat,Offroader,Mavi,mingəçevir,yoxdur,XEYR,,2026-04-03,23868 AZN
100677,Hyundai,Elantra,2020,1.5,83046,Benzin,Avtomat,Sedan,Qəhvəyi,Bakı,xeyr,yoxdur,3,2026-03-17,25203
100525,Hyundai,Elantra,2011,1.4,,Benzin,Mexaniki,Offroader,Boz,Bakı,Xeyr,Bəli,1,22.02.2026,"9,528"
100515,Chevrolet,Malibu,2018,1.4,205067,Benzin,Avtomat,Offroader,Qəhvəyi,Bakı,Xeyr,Xeyr,2,24.03.2026,20302
100468,Toyota,RAV4,2014,2.0,239248,Benzin,Mexaniki,Offroader,Yaşıl,Bakı,Bəli,,,28/04/2026,11309
100950,Mercedes,E 200,2015,1.6,163515,Dizel,Avtomat,Sedan,,Bakı,yoxdur,bəli,1,2026-03-25,18117 AZN
100912,Kia,Sorento,2019,2.0,59423,Benzin,Avtomat,Sedan,Qırmızı,Sumqayıt,Xeyr,Bəli,2,2026-01-01,21030
100876,Ford,Mondeo,2007,1.4,284469 km,Benzin,Avtomat,Offroader,Qəhvəyi,bakı,Xeyr,Xeyr,1,2026-07-22,5047
100611,Chevrolet,Malibu,2012,1.6,266253,Benzin,Avtomat,Universal,Mavi,quba,Xeyr,Bəli,4+,2026-04-18,6254
100660,Opel,Vectra,2010,2.5,290865 km,Dizel,Avtomat,Offroader,Qara,bakı,Xeyr,Bəli,2,2026-02-11,7090
100247,Mercedes,C 180,2012,2.4,210959 km,Benzin,Mexaniki,Sedan,Qəhvəyi,Bakı ,Xeyr,Xeyr,2,2026-04-16,13127
100329,BMW,116,2022,3.5,50592,Benzin,Mexaniki,Sedan,Mavi,  Bakı ,Xeyr,Xeyr,1,09.05.2026,52446
100686,Nissan,Juke,2003,2.5,383687 km,Benzin,Mexaniki,Sedan,Qara,Salyan,Xeyr,Xeyr,2,16.03.2026,3043
100667,LADA,2107,2006,1.6,317107,Dizel,Mexaniki,Offroader,Yaşıl,Sumqayıt,Xeyr,Bəli,,2026-05-07,2200
100703,BMW,320,2015,2.4,229924,Benzin,Avtomat,Offroader,Qırmızı,Bakı,Xeyr,,2,23.01.2026,27323
100658,chevrolet,Captiva,2014,2.0,194377,Benzin,Mexaniki,Sedan,Boz,Bakı,Xeyr,Bəli,3,2026-06-18,10 075
100949,Opel,Corsa,2011,1.8,254794,Benzin,Mexaniki,Universal,Gümüşü,Bakı,Xeyr,Xeyr,1,2026-04-17,6220
100110,KIA,Sportage,2012,2.0,226483,Benzin,Variator,Sedan,Qara,Bakı ,Xeyr,Bəli,2,15/04/2026,8 306
100566,Toyota,Camry,2017,1.8,142752 km,Benzin,Robot,Sedan,Qara,Naxçıvan ,Xeyr,Xeyr,1,2026-03-29,18 921
100722,BMW,730,2014,1.8,190427,Benzin,Avtomat,Offroader,Qəhvəyi,Gəncə,Xeyr,Bəli,1,08.03.2026,20324
100281,Nissan,Patrol,2013,1.5,226617,Benzin,Avtomat,Universal,Yaşıl,Lənkəran,Xeyr,Xeyr,4+,2026-08-13,11 124
100223,Ford,Kuga,2016,1.5,149953,Benzin,Robot,Universal,Ağ,Bakı,Bəli,Xeyr,1,2026-01-13,8871
100635,Mercedes,S 500,2002,3.5,354776,Dizel,Avtomat,Sedan,Qırmızı,Bakı,Xeyr,,1,12/07/2026,5081
100618,Chevrolet,Aveo,2004,2.5,327477,Benzin,Avtomat,Sedan,Gümüşü,Bakı,Xeyr,Bəli,2,2026-02-11,"2,907"
100929,Ford,Transit,2015,1.8,190207,Benzin,Robot,Sedan,Qəhvəyi,Lənkəran,Bəli,Xeyr,2,2026-05-24,"10,063"
100068,BMW,X5,2014,4.0,,Benzin,Avtomat,Offroader,Mavi,Bakı,Xeyr,Xeyr,3,2026-08-23,32961
100705,Ford,Kuga,2017,3.0,115615 km,Benzin,Avtomat,Sedan,Yaşıl,GƏNCƏ,Bəli,Xeyr,1,2026-01-26,17137
100867,Kia,Cerato,1999,1.4,,Dizel,Avtomat,Furqon,Qırmızı,Bakı,Xeyr,Xeyr,1,19.02.2026,"2,200"
100548,Toyota,Corolla,2019,3.0,95907,Benzin,Mexaniki,Hetçbek,Qara,Bakı,xeyr,XEYR,,2026-07-16,34912
100216,BMW,320,20,2.0,472201,Dizel,Avtomat,Hetçbek,Boz,  Gəncə ,Bəli,Bəli,2,10.08.2026,2483 AZN
100545,Opel,Insignia,2003,2.0,409813,Dizel,Avtomat,,Qırmızı,Bakı,Xeyr,,2,2026-04-29,3020
100447,LADA,Vesta,2012,1.6,253398,Dizel,Avtomat,,Mavi,NAXÇIVAN,Bəli,Xeyr,3,2026-03-15,2763
100438,Nissan,Patrol,2012,3.0,129693,Benzin,Robot,Offroader,Ağ,Bərdə,Bəli,Xeyr,2,2026-04-24,13793
100269,Toyota,Corolla,2005,3.5,409648,Hibrid,Variator,Offroader,Qara,Bakı,Xeyr,Xeyr,3,2026-03-26,7951
100699,Nissan,Patrol,2012,1.6,214644,Dizel,Avtomat,Hetçbek,Gümüşü,Bakı,Xeyr,,,15.06.2026,11 216
100369,Ford,Transit,2011,4.0,284202,Benzin,Mexaniki,Hetçbek,Ağ,Mingəçevir,Xeyr,Xeyr,1,2026-04-25,10267
100687, LADA,Granta,2008,1.5,308455,Benzin,Avtomat,Offroader,Ağ,Bakı,yoxdur,yoxdur,3,2026-02-05,2417
100753,Toyota,RAV4,2015,3.0,117505 km,Dizel,Robot,Sedan,,Bakı,Xeyr,Xeyr,3,2026-04-23,19098
100859,Kia,Sportage,2003,3.5,396783,Dizel,Variator,Hetçbek,Boz,Bakı ,Xeyr,Xeyr,2,22/04/2026,"3,701"
100286,LADA,Priora,2015,1.5,206836,Dizel,Avtomat,Offroader,Gümüşü,Bakı,Xeyr,Bəli,3,2026-06-25,6073
100177,ford,Focus,2010,2.0,240612,Benzin,Avtomat,Offroader,Qara,Mingəçevir,XEYR,xeyr,1,2026-05-17,8116
100354,Mercedes,E 200,2015,1.8,205847 km,Dizel,Variator,Sedan,Mavi,Bakı,Xeyr,Xeyr,2,2026-03-07,19781
100914,Mercedes,C 180,2012,3.0,127766,Benzin,Mexaniki,Sedan,Ağ,bakı,Xeyr,Xeyr,,2026-04-18,18615
100798,NISSAN,Patrol,2023,1.6,29431 km,Hibrid,Avtomat,Sedan,Mavi,NAXÇIVAN,Bəli,,3,2026-07-11,32653
100880,Opel,Vectra,2009,1.8,240520,Qaz,Avtomat,Sedan,Qırmızı,Bakı ,Xeyr,Xeyr,1,07/01/2026,5354 AZN
100294,Toyota,Camry,2006,1.8,0,Qaz,Avtomat,Sedan,Boz,ŞƏKI,Xeyr,Bəli,1,2026-06-19,3673
100518,Chevrolet,Lacetti,2017,2.0,24929 km,Qaz,Avtomat,,Mavi,Şəki ,Bəli,Xeyr,1,2026-06-03,14894
100947,BMW,116,2011,1.8,291225,Benzin,Avtomat,Hetçbek,Gümüşü,sumqayıt,Bəli,Xeyr,3,19.01.2026,8682 AZN
100452,Opel,Corsa,2010,3.5,,Benzin,Avtomat,Offroader,Qara,Bakı,Xeyr,Xeyr,4+,28.08.2026,10281
100944,Mercedes,Vito,2012,2.4,330135,Benzin,Avtomat,Universal,Mavi,Bakı,Xeyr,Xeyr,4+,07.01.2026,12 382
100733,LADA,Niva,2014,1.6,191981,Dizel,Avtomat,Hetçbek,Boz,Bakı,Xeyr,Xeyr,3,2026-08-05,5139
100071,Ford,Focus,2023,2.0,0,Benzin,Avtomat,Sedan,Qara,Xaçmaz,Bəli,Xeyr,1,06/01/2026,31373 AZN
100528,Toyota,RAV4,20,2.0,371351,Dizel,Variator,Kupe,,Naxçıvan,xeyr,yoxdur,4+,19.02.2026,6643
100972,BMW,X5,2010,1.6,297541,Benzin,Avtomat,Sedan,Qəhvəyi,Bakı,Xeyr,Xeyr,1,2026-01-14,8662
100759,Hyundai,Santa Fe,2016,3.5,77164 km,Dizel,Mexaniki,Universal,,Bakı,Xeyr,Bəli,1,07.02.2026,21 582
100650,Hyundai,Tucson,2019,,89998,Dizel,Avtomat,Offroader,Qəhvəyi,Bakı,Xeyr,Bəli,2,2026-03-27,37655
100717,Nissan,Qashqai,2012,2.0,329181,Dizel,Avtomat,Hetçbek,Qırmızı,Lənkəran,Xeyr,Bəli,,2026-04-22,9177
100037,Chevrolet,Captiva,2007,1.5,,Benzin,Variator,Sedan,Qara,Şirvan,Xeyr,Bəli,4+,06.01.2026,3662
100802,Kia,Cerato,2015,3.5,271015,Benzin,Avtomat,Sedan,Qırmızı,Bakı,Bəli,Xeyr,2,2026-07-03,12307
100858,Hyundai,Sonata,2008,2.0,351714,Benzin,Mexaniki,,Boz,Lənkəran ,Xeyr,Xeyr,4+,2026-07-01,"5,830"
100785,BMW,320,2012,2.4,238162,Benzin,Mexaniki,Offroader,Yaşıl,Quba,Xeyr,Xeyr,2,20.08.2026,"18,467"
100339,BMW,730,2020,2.4,224705,Benzin,Variator,Universal,Mavi,Bakı,Xeyr,Bəli,,07.02.2026,33193
100932,Hyundai,Tucson,2014,2.5,233235,Dizel,Robot,Sedan,Ağ,Bakı,Bəli,Bəli,1,2026-06-11,8538
100640,Hyundai,Elantra,2002,2.5,412486 km,Benzin,Avtomat,Sedan,Qəhvəyi,Sumqayıt,Xeyr,Xeyr,2,2026-08-08,2 661
100274,Kia,Cerato,2009,1.4,271050,Dizel,Mexaniki,Hetçbek,Gümüşü,Mingəçevir,Xeyr,Xeyr,2,2026-08-12,5536
100149,Hyundai,Sonata,2001,1.6,478334,Benzin,Mexaniki,Offroader,Qəhvəyi,Sumqayıt,Xeyr,Xeyr,2,2026-07-04,2200
100870,LADA,Priora,2016,1.5,119257,Benzin,Avtomat,Hetçbek,Qırmızı,Xaçmaz,Xeyr,Xeyr,1,2026-01-27,5817
100559,Mercedes,S 500,2013,1.6,,Benzin,Avtomat,Sedan,Qəhvəyi,Bakı,XEYR,XEYR,1,2026-01-04,14316
100737,Ford,Transit,2020,1.5,57009 km,Benzin,Robot,,,Salyan,Xeyr,Bəli,,2026-02-10,19266
100869,BMW,116,2000,1.4,529816,Dizel,Robot,Hetçbek,,Şəki,yoxdur,XEYR,4+,29.06.2026,2310
100236,chevrolet,Lacetti,2012,2.4,213675,Qaz,Variator,Sedan,Qəhvəyi,Bakı,Xeyr,Bəli,,28.02.2026,7572
100624,Hyundai,Sonata,2014,1.6,315225,Qaz,Mexaniki,Offroader,Qırmızı,Bakı,Xeyr,Bəli,,2026-07-27,1234567
100893,BMW,320,2022,0.0,0,Elektro,Robot,Sedan,Gümüşü,Gəncə,Xeyr,Bəli,1,2026-06-21,64381
100034, Ford,Mondeo,2019,3.5,158132 km,Hibrid,Avtomat,Universal,Yaşıl,Bakı,Bəli,Xeyr,1,2026-08-02,"28,202"
100200,Toyota,Corolla,1999,,435707,Benzin,Mexaniki,Hetçbek,Qara,  Quba ,Bəli,Xeyr,1,2026-02-13,2200
100884,Ford,Fusion,2004,4.0,333089 km,Dizel,Variator,Sedan,Qırmızı,Naxçıvan ,Xeyr,Xeyr,3,28.04.2026,4238
100803,BMW,X5,2011,2.5,242915 km,Dizel,Avtomat,Offroader,Yaşıl,Bakı,Xeyr,Bəli,,2026-01-04,13671
100337,Toyota,Corolla,2013,2.4,284815,Benzin,Mexaniki,Sedan,Gümüşü,Bakı,Xeyr,Xeyr,3,2026-06-23,12418
100262,Mercedes,S 500,2011,4.0,272376,Benzin,Mexaniki,Furqon,Mavi,Bakı ,Xeyr,Xeyr,1,2026-01-07,"14,122"
100043,Mercedes,C 180,2002,2.4,332373 km,Dizel,Mexaniki,Offroader,Ağ,Bakı,Xeyr,Xeyr,1,2026-05-02,"5,374"
100253,ford,Mondeo,2023,,33889,Hibrid,Avtomat,Sedan,Yaşıl,Gəncə,Bəli,Xeyr,3,2026-03-22,33563
100397,BMW,320,2013,2.5,206275,Dizel,Avtomat,Sedan,Boz,Bakı,Bəli,Bəli,2,2026-05-19,13600 AZN
100622,Mercedes,GLE 350,2008,3.0,364315,Qaz,Avtomat,Sedan,,bakı,Xeyr,Xeyr,2,2026-08-14,8073
100975,Hyundai,Accent,2010,,211192 km,Benzin,Avtomat,Offroader,Qara,Naxçıvan,Xeyr,Xeyr,2,2026-05-21,14 140
100063,mercedes,Vito,2019,4.0,102121 km,Hibrid,Variator,Sedan,Yaşıl,Sumqayıt,Xeyr,Xeyr,,2026-01-28,60 869
100556,Nissan,Juke,2018,3.0,106235,Benzin,Avtomat,Sedan,Qəhvəyi,Bakı,Xeyr,Xeyr,,2026-01-24,26094
100671,BMW,X5,2018,2.4,,Dizel,Mexaniki,Hetçbek,Ağ,Xaçmaz,Bəli,Xeyr,3,2026-08-31,20397
100013,Toyota,RAV4,2006,1.6,324484,Benzin,Avtomat,Offroader,Yaşıl,Bakı,Xeyr,Xeyr,2,2026-07-06,6332
100732,Opel,Corsa,2014,2.4,240186 km,Benzin,Avtomat,Sedan,Gümüşü,Mingəçevir,Xeyr,Bəli,2,2026-01-02,8593
100363,LADA,Niva,2012,1.5,333658,Benzin,Avtomat,Sedan,Yaşıl,Bakı,Xeyr,Xeyr,3,07.06.2026,3460
100487,Kia,Rio,2004,2.0,361579,Qaz,Avtomat,Sedan,Ağ,Bakı,Xeyr,Xeyr,2,2026-04-06,2889
100075,Mercedes,Vito,2018,2.4,115583,Qaz,Avtomat,Sedan,Gümüşü,bakı,Xeyr,Xeyr,,02.06.2026,29808
100814,Hyundai,Tucson,2006,2.0,328746 km,Benzin,Robot,Sedan,Gümüşü,Bakı,Xeyr,Bəli,1,2026-05-25,3719
100702,Chevrolet,Captiva,2016,2.4,236136,Hibrid,Avtomat,Sedan,Ağ,şəki,Xeyr,Bəli,2,2026-08-25,16804
100389,Opel,Zafira,2014,2.4,348319 km,Dizel,Avtomat,Universal,Mavi,Bakı,Xeyr,Bəli,2,2026-01-11,7421 AZN
100552,Opel,Insignia,2005,1.5,421756 km,Benzin,Variator,Offroader,Gümüşü,Bakı,Xeyr,Bəli,1,04/05/2026,2949
100569,OPEL,Zafira,2017,1.4,85870,Dizel,Robot,Sedan,Qara,Naxçıvan,Xeyr,Xeyr,3,08/06/2026,12404
100197,BMW,320,2005,2.5,348061 km,Benzin,Mexaniki,Offroader,Qəhvəyi,Bakı,Xeyr,Xeyr,2,2026-06-28,7532
100032,lada,Priora,2013,1.6,189876 km,Dizel,Avtomat,Universal,Qəhvəyi,Bakı,yoxdur,,1,2026-05-05,4381
100174,Ford,Fusion,2017,3.5,199430,Dizel,Robot,Offroader,Yaşıl,Bakı,Xeyr,Xeyr,1,2026-03-31,"21,082"
100502,Mercedes,GLE 350,2012,1.4,213381,Hibrid,Avtomat,Hetçbek,Ağ,Bakı,Bəli,Xeyr,1,04/03/2026,"12,933"
100171,Ford,Focus,2011,1.8,301192,Benzin,Avtomat,Offroader,Yaşıl,Sumqayıt,Xeyr,Xeyr,2,2026-02-26,9662
100761,Hyundai,Accent,2015,2.0,166311 km,Benzin,Robot,Hetçbek,Gümüşü,Xaçmaz,Bəli,Bəli,3,2026-05-06,9934
100695,BMW,320,2007,1.5,239056 km,Benzin,Avtomat,Sedan,Yaşıl,Bakı,Xeyr,Xeyr,3,2026-06-06,6940
100657,Chevrolet,Aveo,2018,1.6,164813,Benzin,Avtomat,Offroader,Gümüşü,Bakı,Xeyr,Bəli,1,2026-07-10,17831 AZN
100661,BMW,320,2019,4.0,62940 km,Benzin,Variator,Kupe,Qəhvəyi,Bərdə,Xeyr,Xeyr,2,2026-02-01,49210
100301,Nissan,Juke,2006,3.5,307070 km,Hibrid,Avtomat,Sedan,Qəhvəyi,Şirvan,Xeyr,Xeyr,2,07.02.2026,7 829
100681,Nissan,Patrol,2009,1.6,380694 km,Benzin,Mexaniki,Sedan,Mavi,Salyan,Xeyr,Xeyr,1,2026-07-29,4762 AZN
100249,Kia,Sorento,2016,3.5,105090 km,Dizel,Avtomat,Hetçbek,,Bakı,Xeyr,Xeyr,3,2026-04-06,"22,926"
100212,Mercedes,C 180,2019,1.6,149598,Dizel,Avtomat,Universal,Qara,Bakı,Bəli,Bəli,2,2026-06-17,21 316
100978,Ford,Transit,2015,1.5,292393,Benzin,Robot,Sedan,Qəhvəyi,Bakı,Xeyr,Bəli,1,06.04.2026,9227
100408,Ford,Focus,2009,2.5,305020,Benzin,Avtomat,Sedan,Qara,gəncə,Xeyr,Xeyr,,2026-06-16,6855
100793,BMW,730,2021,0.0,110898,Elektro,Mexaniki,Sedan,Gümüşü,Şirvan,Bəli,Bəli,2,2026-02-25,"34,760"
100449,Mercedes,C 180,2007,1.4,318718,Dizel,Avtomat,Universal,,Şirvan,yoxdur,BƏLİ,1,2026-01-17,5710
100462,Mercedes,C 180,2018,2.4,107152,Dizel,Mexaniki,Hetçbek,Qırmızı,Bakı,Xeyr,Xeyr,4+,2026-04-01,30903
100087,NISSAN,Juke,2014,3.5,,Benzin,Avtomat,Offroader,Qırmızı,Lənkəran,xeyr,yoxdur,,2026-01-10,23030
100752,Hyundai,Tucson,2017,1.4,256640,Benzin,Mexaniki,Sedan,Ağ,Bakı,Xeyr,Xeyr,2,2026-06-16,13511
100636,Hyundai,Tucson,2022,4.0,45048,Benzin,Avtomat,Hetçbek,Qara,  Bakı ,Xeyr,Xeyr,3,11/08/2026,50982 AZN
100699,Nissan,Patrol,2012,1.6,214644,Dizel,Avtomat,Hetçbek,Gümüşü,Bakı,Xeyr,,,15.06.2026,11 216
100504,LADA,Niva,2004,1.5,345622,Benzin,Variator,Offroader,,Gəncə,Xeyr,Xeyr,1,2026-03-23,2200
100749,Toyota,RAV4,2006,2.0,397869 km,Benzin,Avtomat,Sedan,,gəncə,yoxdur,bəli,2,2026-01-05,"4,262"
100755,NISSAN,Sunny,20,3.5,282558,Benzin,Avtomat,Offroader,Mavi,Bakı,Xeyr,Xeyr,4+,2026-07-04,17668 AZN
100784,Ford,Transit,2007,2.0,325561 km,Dizel,Mexaniki,Sedan,Qırmızı,Bakı,Xeyr,Xeyr,1,2026-06-02,4566
100630,BMW,520,2009,1.5,335637,Benzin,Avtomat,Hetçbek,Yaşıl,Bakı,yoxdur,bəli,3,18/03/2026,7542
100551,Nissan,Qashqai,2010,2.5,284312,Benzin,Mexaniki,Sedan,Boz,Bakı,xeyr,xeyr,4+,2026-07-22,8562
100301,Nissan,Juke,2006,3.5,307070 km,Hibrid,Avtomat,Sedan,Qəhvəyi,Şirvan,Xeyr,Xeyr,2,07.02.2026,7 829
100855,Hyundai,Tucson,2010,2.4,361488,Dizel,Robot,,Qara,Bakı,Xeyr,Bəli,1,2026-03-12,"5,578"
100459, Opel,Insignia,2013,1.5,,Dizel,Avtomat,Sedan,Yaşıl,Gəncə ,Xeyr,Bəli,,04.01.2026,7113
100731,Kia,Sorento,2020,2.4,74160,Benzin,Mexaniki,Sedan,Mavi,Gəncə,Xeyr,Bəli,1,2026-04-01,25795
100158,Opel,Vectra,2013,1.6,202097,Dizel,Avtomat,,Qırmızı,BAKI,Xeyr,Xeyr,2,2026-01-20,8418
100199,LADA,2107,2007,1.5,331203 km,Benzin,Mexaniki,Kupe,,Bakı,Xeyr,Xeyr,4+,31.05.2026,2200
100144,Mercedes,C 180,2001,2.4,464526,Dizel,Mexaniki,Universal,Boz,Lənkəran,Xeyr,,1,2026-08-21,2959
100115,BMW,116,2011,1.8,241545,Qaz,Avtomat,Kupe,Mavi,  Salyan ,xeyr,XEYR,2,2026-04-30,11560
100079,Hyundai,Santa Fe,2009,2.0,216038 km,Qaz,Variator,Hetçbek,Ağ,GƏNCƏ,Xeyr,Xeyr,1,2026-07-15,6334
100202,Kia,Sorento,2011,1.5,256075,Benzin,Avtomat,Sedan,Boz,Gəncə,Xeyr,Bəli,4+,2026-04-02,7448
100150,Toyota,Prado,1998,4.0,479066,Benzin,Variator,Sedan,Qara,Bakı,Xeyr,Xeyr,1,2026-07-23,"2,558"
100758,Chevrolet,Aveo,2012,,272787,Dizel,Avtomat,Sedan,Boz,Bakı,Xeyr,Xeyr,3,16.07.2026,12025
100347,Chevrolet,Lacetti,2013,1.6,189143,Dizel,Robot,Offroader,,Bakı,Xeyr,Bəli,1,2026-07-06,"9,109"
100479,BMW,116,2022,2.5,116796 km,Benzin,Avtomat,Hetçbek,Yaşıl,Bakı,yoxdur,XEYR,2,2026-08-06,57173
100668,Kia,Sportage,2010,1.5,165617,Benzin,Mexaniki,Offroader,Boz,Gəncə,Xeyr,Xeyr,3,2026-08-22,9723 AZN
100293,NISSAN,Sunny,2007,1.5,262783,Benzin,Mexaniki,Sedan,Mavi,Bakı,Bəli,Xeyr,4+,2026-08-21,4079
100377,Kia,Sportage,2008,1.4,285449,Benzin,Mexaniki,Sedan,Qəhvəyi,gəncə,Xeyr,Xeyr,1,2026-01-07,5096
100669,Kia,Optima,2018,2.4,190072,Benzin,Avtomat,Sedan,Qəhvəyi,Bakı,Xeyr,Bəli,1,2026-04-13,20179
100313,Chevrolet,Lacetti,2014,1.8,136923,Benzin,Avtomat,Offroader,Ağ,Mingəçevir,Xeyr,Xeyr,2,2026-04-03,13701
100261,Kia,Cerato,2012,2.4,264655,Benzin,Avtomat,Sedan,Boz,SALYAN,Xeyr,Xeyr,2,2026-06-16,10814
100440,Kia,Sorento,2018,3.0,106592,Benzin,Avtomat,Offroader,Yaşıl,Gəncə,Xeyr,Bəli,1,2026-01-12,24867
100693,Mercedes,S 500,2017,4.0,200283,Dizel,Mexaniki,Offroader,Ağ,Bakı,Xeyr,Xeyr,2,2026-05-13,41691
100033,LADA,Niva,2010,1.5,266627,Benzin,Avtomat,Sedan,Gümüşü,Sumqayıt,Xeyr,Xeyr,2,2026-02-22,2870
100049,LADA,Granta,1997,1.7,461960 km,Benzin,Mexaniki,Hetçbek,Qəhvəyi,Bakı,Xeyr,Xeyr,3,25/07/2026,2200
100275,Opel,Corsa,2021,1.4,95130 km,Benzin,Avtomat,Sedan,Boz,Bakı,Xeyr,,,2026-01-11,23400
100891,Chevrolet,Malibu,2019,1.6,130714 km,Qaz,Avtomat,Offroader,Qəhvəyi,Sumqayıt,Xeyr,Bəli,1,2026-08-31,17616
100958,Nissan,Sunny,2010,1.8,327912 km,Benzin,Mexaniki,Hetçbek,Mavi,Şəki,Xeyr,Xeyr,1,26.07.2026,6179
100371,Toyota,Prado,2019,1.4,176664 km,Hibrid,Avtomat,Sedan,Ağ,Bakı,Xeyr,Xeyr,1,2026-04-08,27486
100260,Opel,Insignia,2001,4.0,402411,Benzin,Mexaniki,Offroader,Mavi,Bakı,Xeyr,Xeyr,4+,2026-07-21,"3,026"
100333,Nissan,Qashqai,2008,2.5,336501,Benzin,Avtomat,Offroader,Qırmızı,Bakı,Xeyr,Bəli,2,07.04.2026,7681 AZN
100962,BMW,320,2013,4.0,232042,Benzin,Mexaniki,Sedan,Mavi,BAKI,Xeyr,Bəli,3,2026-08-13,17274
100239,LADA,Granta,2010,1.7,267608,Benzin,Avtomat,Sedan,Boz,Şirvan,var,bəli,1,2026-02-11,2200
100770,BMW,X5,2010,1.8,,Benzin,Avtomat,Kupe,Qırmızı,Sumqayıt,Xeyr,Xeyr,2,2026-06-14,10300
100008,hyundai,Accent,2012,3.0,256709,Qaz,Avtomat,Hetçbek,Qırmızı,Şirvan,Xeyr,Xeyr,1,04.07.2026,9 581
100571,Toyota,RAV4,2010,3.5,283357,Hibrid,Variator,Offroader,Qara,Mingəçevir,Xeyr,Xeyr,,27/05/2026,16483 AZN
100688,Hyundai,Tucson,2016,3.0,162409,Dizel,Mexaniki,Sedan,Qara,Sumqayıt,Xeyr,Bəli,2,2026-03-16,18 586
100127,Toyota,Yaris,2007,3.0,314885,Benzin,Mexaniki,Sedan,Boz,GƏNCƏ,Xeyr,Xeyr,2,2026-07-17,6264 AZN
100939,Opel,Corsa,2007,1.5,385640 km,Dizel,Robot,Offroader,Mavi,Bakı,Bəli,Xeyr,1,2026-08-07,3136
100318,Chevrolet,Lacetti,2009,1.6,348737 km,Qaz,Mexaniki,Sedan,Boz,Bakı,Xeyr,Bəli,3,2026-06-24,3504
100995, Mercedes,Vito,2007,1.4,220225,Dizel,Avtomat,Hetçbek,Yaşıl,Bakı,Bəli,Bəli,3,2026-07-16,5776
100527,toyota,Camry,2019,1.6,88392,Benzin,Avtomat,Hetçbek,Qara,Bakı,Xeyr,Xeyr,3,28/08/2026,25009
100272,Nissan,Qashqai,2018,1.6,66752,Qaz,Avtomat,Hetçbek,Qara,Mingəçevir,Bəli,Bəli,,2026-05-29,15807
100378, Toyota,Corolla,2004,1.5,316861 km,Qaz,Avtomat,Sedan,Qırmızı,Bakı,Xeyr,,2,09/07/2026,3841 AZN
100173,LADA,Vesta,2016,1.7,179298,Dizel,Mexaniki,Sedan,Ağ,Bakı,Xeyr,Bəli,2,2026-07-18,5948 AZN
100651,BMW,520,2011,2.0,281820,Benzin,Avtomat,Hetçbek,Yaşıl,Gəncə,Xeyr,Bəli,4+,2026-01-23,"9,535"
100839,BMW,X5,2004,0.0,357105,Elektro,Avtomat,Universal,Gümüşü,Bakı,Bəli,Bəli,1,26/02/2026,"5,213"
100359,BMW,X5,2016,1.8,211694,Benzin,Avtomat,Offroader,Boz,Bakı,Xeyr,Bəli,1,2026-07-16,22125
100568, Toyota,RAV4,2011,2.0,248793,Benzin,Avtomat,Offroader,Mavi,Bərdə ,Xeyr,Bəli,2,2026-01-15,11391
100473,NISSAN,X-Trail,2020,3.0,64318,Benzin,Avtomat,,Qəhvəyi,Bakı ,Bəli,Xeyr,1,2026-04-20,26632
100050,Opel,Corsa,2003,1.8,370243,Dizel,Robot,Hetçbek,Qara,  Bakı ,Xeyr,Xeyr,3,2026-04-23,2445
100546,Hyundai,Accent,2018,,145815,Benzin,Avtomat,Hetçbek,Gümüşü,Bakı,Xeyr,Xeyr,1,04.03.2026,23544
100771,LADA,Granta,2000,0.0,474589 km,Elektro,Avtomat,Offroader,Qırmızı,Bakı,Xeyr,Xeyr,3,2026-01-24,2200 AZN
100888,OPEL,Astra,2015,,215794,Benzin,Avtomat,Kupe,,sumqayıt,Xeyr,Bəli,1,2026-03-04,11 343
100396,Mercedes,C 180,2020,4.0,48084,Benzin,Avtomat,Offroader,Qəhvəyi,Sumqayıt ,Xeyr,Xeyr,2,29.08.2026,69576
100911,Chevrolet,Lacetti,2022,1.8,51944,Dizel,Avtomat,Offroader,Ağ,Bakı,Bəli,Xeyr,1,16.05.2026,27440
100946,Nissan,Qashqai,2009,,,Dizel,Avtomat,Offroader,Ağ,Bakı,Xeyr,Xeyr,1,2026-02-24,"9,819"
100714,Toyota,Camry,2012,2.0,182990 km,Benzin,Avtomat,Sedan,Mavi,Quba,Xeyr,Xeyr,1,05/02/2026,"11,954"
100355,Chevrolet,Aveo,2008,3.0,303764,Dizel,Avtomat,Hetçbek,Ağ,  Şəki ,Xeyr,Bəli,4+,2026-05-02,5673
100441,BMW,X5,2009,3.5,382460,Benzin,Avtomat,Sedan,Mavi,BAKI,Xeyr,Xeyr,,2026-01-22,"10,162"
100234,Chevrolet,Cruze,2004,2.4,322820 km,Benzin,Avtomat,Furqon,Yaşıl,Bakı,Xeyr,Bəli,4+,2026-07-13,3068
100351,CHEVROLET,Aveo,2020,1.5,106611,Qaz,Mexaniki,Hetçbek,Qara,Bakı,Xeyr,,1,2026-05-15,18223
100491,Opel,Astra,2017,3.0,133498,Benzin,Mexaniki,Universal,Qəhvəyi,Sumqayıt,Bəli,Bəli,2,2026-03-19,10 719
100778,Nissan,Qashqai,2010,2.0,192222,Dizel,Avtomat,Hetçbek,Qırmızı,Lənkəran,Xeyr,Xeyr,1,2026-05-06,8 157
100754,Ford,Focus,2000,2.4,,Benzin,Mexaniki,Offroader,Gümüşü,Mingəçevir,Xeyr,Xeyr,1,2026-03-17,2362
100672,Toyota,Prado,2008,3.5,325103,Dizel,Avtomat,Offroader,Gümüşü,Gəncə,Xeyr,Xeyr,1,2026-08-06,11346
100960,BMW,520,2007,1.4,325910 km,Benzin,Avtomat,Offroader,Yaşıl,BAKI,Xeyr,Bəli,2,08.02.2026,6935
100542,LADA,2107,2015,1.6,189313 km,Benzin,Variator,Sedan,Yaşıl,Gəncə,Xeyr,Xeyr,2,29.04.2026,5345
100209,Opel,Astra,2005,2.0,460613,Benzin,Mexaniki,Furqon,Gümüşü,Bakı ,Xeyr,Xeyr,1,23/01/2026,"2,200"
100026,BMW,X5,2005,2.0,422148,Benzin,Mexaniki,Sedan,Mavi,Bakı,Bəli,Xeyr,3,2026-01-12,3296
100917,Chevrolet,Aveo,2008,3.5,,Dizel,Mexaniki,Offroader,Qara,Bakı,Xeyr,,2,03.04.2026,6 279
100114,TOYOTA,Yaris,2010,4.0,326387,Benzin,Robot,Offroader,Qırmızı,Bakı,Xeyr,Xeyr,1,2026-01-16,11920 AZN
100748,Kia,Cerato,1999,3.0,468649 km,Benzin,Avtomat,Hetçbek,Yaşıl,Bakı,Xeyr,Xeyr,,2026-01-06,2 200
100151,Hyundai,Tucson,2022,2.5,0,Benzin,Mexaniki,Hetçbek,Ağ,Bakı,XEYR,XEYR,,2026-02-13,"33,563"
100078,LADA,Vesta,2010,1.6,290394,Qaz,Mexaniki,Furqon,Qırmızı,Bakı,Xeyr,Xeyr,2,2026-01-28,2200
101000,Hyundai,Sonata,2012,2.0,197341,Dizel,Robot,Offroader,Qara,Bərdə,Xeyr,Xeyr,2,2026-02-19,12514
100832, Ford,Mondeo,2000,2.4,431188 km,Dizel,Mexaniki,Sedan,Qara,BAKI,BƏLİ,yoxdur,4+,02/05/2026,2 200
100510,Hyundai,Accent,2022,2.0,67316,Benzin,Mexaniki,,Ağ,gəncə,Xeyr,Xeyr,1,2026-06-28,"40,334"
100169,LADA,Niva,2009,1.7,320499 km,Dizel,Robot,Offroader,Gümüşü,Bakı,Xeyr,Xeyr,1,10.04.2026,2571
100874,BMW,X5,1997,1.8,500657 km,Dizel,Robot,Sedan,Gümüşü,Bərdə,Bəli,Xeyr,3,2026-02-06,2200 AZN
100270,Hyundai,Sonata,2003,3.5,320650,Benzin,Avtomat,Offroader,Mavi,Gəncə,Xeyr,Xeyr,2,22/03/2026,5391
100812,CHEVROLET,Aveo,2002,2.5,444110,Benzin,Mexaniki,Hetçbek,Boz,  Şirvan ,Xeyr,,,16/05/2026,2200 AZN
100419,Mercedes,S 500,2009,2.5,302565,Dizel,Avtomat,Kupe,,Bakı,Xeyr,Bəli,2,2026-02-05,11516
100736,LADA,Vesta,2022,1.7,43508 km,Dizel,Avtomat,,Ağ,Bakı,Xeyr,Bəli,2,2026-02-02,12550
100139,Nissan,Patrol,2012,1.8,238648,Benzin,Variator,Hetçbek,Qara,Bakı,Xeyr,Xeyr,4+,2026-03-03,10758
100457,Nissan,Qashqai,2010,4.0,251846,Benzin,Avtomat,Hetçbek,Gümüşü,Şəki,XEYR,var,1,2026-07-08,10618
100280,Opel,Vectra,2011,2.5,238931,Qaz,Avtomat,Hetçbek,Gümüşü,Lənkəran,Bəli,Xeyr,2,2026-07-05,5257 AZN
100822,LADA,Priora,2013,1.5,170282 km,Dizel,Avtomat,Sedan,Qəhvəyi,Naxçıvan,Bəli,Xeyr,1,28/05/2026,3260
100014, Mercedes,E 200,2001,2.0,333198,Dizel,Avtomat,Sedan,Qəhvəyi,Bakı ,Xeyr,Xeyr,3,2026-07-26,3520
100919,BMW,X5,2006,1.4,304702 km,Benzin,Mexaniki,Sedan,Ağ,Bakı,XEYR,bəli,4+,2026-03-23,4413
100805,Kia,Optima,2018,2.5,179363,Benzin,Variator,Sedan,,Bakı,Xeyr,Xeyr,3,20.02.2026,18700
100455,Toyota,Camry,2020,4.0,68279,Dizel,Mexaniki,Sedan,Qara,Lənkəran,Bəli,Xeyr,2,2026-07-03,36949 AZN
100367,Toyota,Camry,2012,2.5,207391,Dizel,Mexaniki,Hetçbek,Yaşıl,Gəncə,Xeyr,Xeyr,1,2026-07-09,13094
100904,Hyundai,Tucson,2015,3.5,,Dizel,Avtomat,Sedan,Mavi,BAKI,Xeyr,Xeyr,2,2026-03-22,20552
100610,Hyundai,Elantra,2004,3.5,314447,Benzin,Mexaniki,Universal,Boz,Bakı,xeyr,yoxdur,4+,2026-03-19,4810
100592,Toyota,Corolla,2009,1.8,324706,Benzin,Avtomat,Furqon,Gümüşü,Bakı,Bəli,Xeyr,3,2026-03-31,4448 AZN
100178,Hyundai,Accent,2017,2.5,66326,Benzin,Mexaniki,Sedan,Gümüşü,Gəncə,Xeyr,Xeyr,2,26.01.2026,18717
100082,Toyota,Yaris,2003,2.4,333555,Benzin,Mexaniki,Offroader,Qırmızı,Bakı,Xeyr,Xeyr,1,24.02.2026,4646 AZN
100896,BMW,730,1998,3.5,486671 km,Benzin,Avtomat,Universal,,Bakı,Xeyr,Xeyr,1,2026-05-12,"2,882"
100201,opel,Corsa,2017,2.4,,Benzin,Avtomat,Universal,Qırmızı,Bakı,Bəli,,2,2026-03-17,12299
100131,BMW,116,2014,1.6,244646,Benzin,Mexaniki,Sedan,Yaşıl,lənkəran,Xeyr,Xeyr,2,2026-02-05,13106
100573,BMW,320,2003,1.4,446324,Qaz,Mexaniki,Sedan,Qırmızı,Sumqayıt,Bəli,Xeyr,2,12/06/2026,2498
100507,LADA,Granta,2016,1.6,143567,Benzin,Variator,,Qəhvəyi,Bakı,Xeyr,Bəli,2,2026-02-12,5001 AZN
100729,Chevrolet,Captiva,2014,4.0,226586,Benzin,Avtomat,Sedan,Yaşıl,Bakı ,XEYR,yoxdur,3,2026-02-16,14242 AZN
100493,Toyota,Prado,2015,3.0,199163 km,Benzin,Mexaniki,Sedan,Ağ,Mingəçevir,Bəli,Xeyr,2,28/03/2026,12905
100406,Ford,Kuga,1999,2.5,456443,Benzin,Avtomat,Hetçbek,Gümüşü,Şirvan,Xeyr,Xeyr,2,2026-01-19,2200
100805,Kia,Optima,2018,2.5,179363,Benzin,Variator,Sedan,,Bakı,Xeyr,Xeyr,3,20.02.2026,18700
100603,BMW,320,2004,2.4,370306,Benzin,Avtomat,Offroader,,Bakı,Xeyr,Xeyr,2,12.07.2026,"5,898"
100982,Mercedes,Vito,2017,1.6,151295,Benzin,Variator,Sedan,Mavi,Bakı ,XEYR,BƏLİ,2,31.05.2026,24000 AZN
100111, Ford,Focus,2003,2.0,360196,Dizel,Avtomat,Universal,Gümüşü,Şirvan,Xeyr,Xeyr,3,13.05.2026,3278
100016,Opel,Zafira,2020,2.5,101614,Benzin,Mexaniki,Hetçbek,Qəhvəyi,Bakı,XEYR,bəli,,2026-07-11,19652
100550,Mercedes,GLE 350,2003,2.0,398695,Benzin,Mexaniki,Offroader,,Xaçmaz,Xeyr,Xeyr,1,2026-04-13,4 470
100927, Opel,Astra,2020,4.0,126613,Hibrid,Avtomat,Sedan,Boz,Bakı,Bəli,Xeyr,1,2026-05-25,23701
100779,Nissan,Juke,1999,3.5,473373,Benzin,Avtomat,Sedan,Yaşıl,Quba,Xeyr,Xeyr,1,2026-04-22,2 353
100007,Toyota,Yaris,2010,0.0,246451,Elektro,Avtomat,Sedan,Ağ,Naxçıvan,Xeyr,Xeyr,2,09.04.2026,13376
100062,Toyota,RAV4,2012,1.6,246257,Benzin,Avtomat,Universal,Boz,Bakı,Xeyr,Xeyr,2,20.06.2026,10876 AZN
100398,Kia,Cerato,2016,4.0,157495,Benzin,Avtomat,Sedan,Gümüşü,Sumqayıt,Bəli,Xeyr,1,2026-01-12,18688 AZN
100655,Hyundai,Santa Fe,2017,3.5,141685 km,Benzin,Avtomat,Offroader,,Bakı ,Xeyr,Bəli,3,02/02/2026,28320
100530,FORD,Fusion,2015,2.5,200832,Dizel,Mexaniki,Sedan,Yaşıl,Mingəçevir,Xeyr,Xeyr,2,2026-03-24,13226
100817,lada,Vesta,2016,1.7,238216 km,Benzin,Variator,Offroader,Ağ,Bakı,Xeyr,Xeyr,1,2026-01-29,7732
100547,Nissan,Patrol,2004,2.0,388974,Benzin,Avtomat,Sedan,Yaşıl,Bakı,Xeyr,Xeyr,1,2026-02-15,3629
100258,mercedes,S 500,2006,2.5,374596 km,Dizel,Robot,Hetçbek,Mavi,Mingəçevir,Xeyr,,3,2026-03-17,7023
100835,BMW,X5,2008,,279245 km,Benzin,Robot,Hetçbek,Gümüşü,Bakı ,yoxdur,yoxdur,3,11/07/2026,"9,417"
100516,Kia,Cerato,2007,4.0,319504,Benzin,Avtomat,Offroader,Ağ,Naxçıvan,yoxdur,yoxdur,2,2026-01-02,8647
100873,Hyundai,Elantra,2020,1.5,74190,Benzin,Avtomat,Hetçbek,Qəhvəyi,  Bakı ,Xeyr,,4+,2026-06-26,"23,999"
100933,Ford,Fusion,2018,3.5,188992,Benzin,Mexaniki,Sedan,Yaşıl,NAXÇIVAN,bəli,yoxdur,2,2026-03-07,17445
100382,LADA,Priora,2013,1.6,171919,Benzin,Avtomat,Sedan,Yaşıl,Bakı,Xeyr,Xeyr,2,14.05.2026,4968 AZN
100095,Kia,Optima,2009,3.5,338842,Benzin,Avtomat,Offroader,,  Lənkəran ,Xeyr,Xeyr,1,2026-08-12,10119
100103, Kia,Sorento,2011,1.4,255605,Benzin,Mexaniki,Universal,Mavi,Bakı ,Xeyr,Xeyr,2,09/04/2026,6757 AZN
100727,LADA,Priora,2008,1.7,297002,Benzin,Mexaniki,Sedan,Qəhvəyi,Bakı,Bəli,Xeyr,2,2026-04-15,2200
100288,LADA,2107,2008,1.5,306653,Hibrid,Mexaniki,Offroader,Qəhvəyi,Bakı,Bəli,Bəli,2,2026-07-20,2200 AZN
100182,BMW,520,2001,3.5,421494 km,Benzin,Mexaniki,Sedan,,Gəncə,Xeyr,Xeyr,2,23/01/2026,4 278
100081,Hyundai,Tucson,2008,2.0,315778,Benzin,Avtomat,Sedan,Ağ,Sumqayıt,Xeyr,Xeyr,2,2026-03-11,"5,927"
100107,Mercedes,C 180,2014,2.0,151021 km,Benzin,Avtomat,Sedan,Qırmızı,Bakı,Xeyr,Bəli,2,2026-05-24,17297 AZN
100029,Chevrolet,Lacetti,2014,2.5,140941,Benzin,Mexaniki,Furqon,Gümüşü,Sumqayıt,xeyr,yoxdur,2,2026-09-01,9337
100400,Toyota,RAV4,2013,2.0,,Benzin,Mexaniki,Universal,Boz,şirvan,Xeyr,,3,2026-04-07,12558
100069,LADA,Vesta,2014,1.7,189152,Benzin,Variator,Sedan,Qəhvəyi,Bakı,yoxdur,xeyr,1,2026-09-01,"4,764"
100628,Kia,Optima,2020,1.4,85075,Qaz,Avtomat,Hetçbek,Gümüşü,Bakı,Xeyr,Bəli,4+,2026-03-04,"21,941"
100324,Kia,Sportage,2013,3.5,244678,Benzin,Avtomat,Offroader,Qırmızı,Bakı,Xeyr,Bəli,1,2026-03-14,13468
100783,Opel,Insignia,2016,4.0,174659 km,Hibrid,Mexaniki,Sedan,Qəhvəyi,Bakı,XEYR,xeyr,,2026-01-13,19327
100138,Opel,Insignia,2004,2.0,395965 km,Benzin,Variator,Sedan,Gümüşü,Mingəçevir ,Xeyr,Xeyr,1,2026-06-22,2437 AZN
100411,BMW,X5,2003,1.6,299255,Benzin,Mexaniki,Sedan,Gümüşü,Bakı,Xeyr,Bəli,1,2026-01-06,3438
100319,Kia,Sorento,2004,2.0,345629,Benzin,Avtomat,Sedan,Gümüşü,Bakı ,Xeyr,Xeyr,1,2026-06-14,3169 AZN
100486,Opel,Insignia,2013,1.5,164031 km,Dizel,Avtomat,Sedan,Qara,Naxçıvan,BƏLİ,XEYR,1,2026-05-10,6657
100673,Opel,Corsa,2014,4.0,243606,Benzin,Mexaniki,,Mavi,Şirvan,Xeyr,Xeyr,3,2026-04-01,"14,248"
100711,BMW,116,2012,0.0,149224,Elektro,Avtomat,Sedan,Yaşıl,quba,Xeyr,Xeyr,1,2026-07-12,20522 AZN
100490,Nissan,Juke,2001,0.0,,Elektro,Mexaniki,Universal,Qırmızı,Bakı,Bəli,Bəli,,22/03/2026,2282
100903,Mercedes,S 500,2007,1.6,337886 km,Benzin,Mexaniki,Offroader,Yaşıl,bakı,Xeyr,Bəli,1,2026-01-23,7212
100439,Kia,Rio,2005,4.0,381440,Dizel,Avtomat,Sedan,,  Bakı ,Xeyr,Xeyr,2,27.05.2026,5541
100463,opel,Insignia,2015,1.4,,Benzin,Variator,,Gümüşü,  Salyan ,XEYR,xeyr,1,2026-08-27,11082
100818,Kia,Rio,2008,2.4,288362 km,Dizel,Robot,Offroader,Boz,Gəncə,Xeyr,Xeyr,,23.05.2026,7447
100886,BMW,730,2006,1.8,384664,Dizel,Mexaniki,Furqon,Mavi,Quba,Xeyr,Bəli,2,2026-02-24,4139
100987,Nissan,Patrol,2009,3.0,266266,Dizel,Avtomat,,Qırmızı,Sumqayıt,Xeyr,Xeyr,2,16.01.2026,6725
100186,Toyota,Corolla,2021,2.4,75342,Benzin,Mexaniki,Offroader,Yaşıl,Bakı,Xeyr,Xeyr,2,2026-01-22,41213
100302,Ford,Transit,2010,,226757,Benzin,Mexaniki,Sedan,Gümüşü,Bakı ,Xeyr,Xeyr,2,2026-04-12,9249
100156,Toyota,Corolla,2002,1.6,414655,Benzin,Mexaniki,Sedan,Yaşıl,Bakı,Xeyr,Xeyr,1,2026-03-11,2608
100180,Nissan,X-Trail,2001,4.0,462652 km,Benzin,Mexaniki,Sedan,Qara,  Sumqayıt ,Xeyr,Xeyr,1,2026-06-24,2855
100122,nissan,Qashqai,2013,2.0,172097,Hibrid,Mexaniki,Hetçbek,,Mingəçevir,Xeyr,Xeyr,2,04.08.2026,14253
100192,Hyundai,Santa Fe,2014,1.4,221214 km,Benzin,Mexaniki,,,Bakı,Xeyr,Xeyr,3,22.05.2026,10846
100877,Kia,Optima,2012,1.6,270486,Dizel,Variator,Sedan,Qırmızı,Bakı,yoxdur,XEYR,1,2026-08-15,8883
100165,Opel,Corsa,2003,2.4,407740,Dizel,Mexaniki,Sedan,Mavi,Bakı,xeyr,yoxdur,2,2026-06-28,2295
100436,opel,Zafira,2011,3.5,306358,Hibrid,Variator,Offroader,Gümüşü,Şirvan,Xeyr,Xeyr,2,04.02.2026,"11,912"
100692,LADA,Niva,2004,1.7,383383 km,Qaz,Avtomat,Hetçbek,Gümüşü,Bakı,Xeyr,Bəli,3,14.01.2026,2200
100955,Opel,Corsa,2012,1.6,237483,Benzin,Avtomat,Offroader,Yaşıl,Bakı,Xeyr,Bəli,4+,21/05/2026,7889
100712,Ford,Kuga,2013,1.4,,Qaz,Avtomat,Sedan,Ağ,Bakı,Xeyr,Xeyr,1,04/03/2026,"8,472"
100010,LADA,Priora,1999,1.6,457970,Benzin,Avtomat,Offroader,Qara,Bakı,Xeyr,Xeyr,3,2026-02-02,2200
100055,Ford,Mondeo,2003,4.0,365205 km,Benzin,Mexaniki,Offroader,Qara,Bakı,Bəli,Xeyr,4+,2026-02-09,3760
100948,LADA,Granta,2013,1.7,246989,Benzin,Avtomat,Sedan,Ağ,Mingəçevir,Xeyr,Xeyr,,2026-07-05,3973
100235,Ford,Fusion,1999,1.4,435186 km,Dizel,Avtomat,Sedan,,Bakı,Xeyr,Xeyr,1,2026-04-27,2200
100356,Chevrolet,Malibu,2011,4.0,,Benzin,Robot,Universal,Qəhvəyi,Şirvan,Xeyr,Bəli,3,2026-07-05,8363
100623,Nissan,Qashqai,2011,1.5,272958,Benzin,Avtomat,Sedan,Mavi,XAÇMAZ,Bəli,Bəli,2,16/05/2026,5317
100619,Ford,Mondeo,2014,1.8,219771,Benzin,Robot,Kupe,Qara,mingəçevir,Xeyr,Bəli,1,2026-04-09,9098
100343,Nissan,Patrol,2019,2.4,108126,Dizel,Avtomat,Sedan,Ağ,BAKI,Xeyr,Bəli,1,2026-05-13,28623 AZN
100648,Mercedes,Vito,2020,2.5,106079,Qaz,Avtomat,Furqon,Yaşıl,Bakı,Xeyr,Bəli,4+,12.06.2026,33134
100407,Hyundai,Tucson,2012,2.0,206113,Hibrid,Avtomat,Hetçbek,Qara,  Gəncə ,Xeyr,Bəli,2,2026-04-04,12493
100112,BMW,520,2005,1.8,318630 km,Benzin,Variator,Universal,Qara,Bakı ,Xeyr,Xeyr,1,17/05/2026,5183
100056,Kia,Sportage,2012,2.0,216967,Benzin,Avtomat,Offroader,Qəhvəyi,Gəncə,Xeyr,Bəli,2,2026-08-10,12074
100297,Toyota,Yaris,2003,2.0,364503 km,Benzin,Avtomat,Offroader,Mavi,Bakı,yoxdur,yoxdur,2,2026-08-07,"4,601"
100718,Ford,Focus,2017,3.0,115045,Benzin,Mexaniki,Offroader,Qəhvəyi,Bakı,Xeyr,Bəli,1,2026-04-30,24436 AZN
100345,Kia,Optima,2011,4.0,186224,Benzin,Mexaniki,Furqon,Gümüşü,Bakı,Xeyr,Xeyr,2,2026-08-18,11149
100429,Mercedes,E 200,2000,4.0,426326,Benzin,Avtomat,Sedan,Ağ,Mingəçevir ,XEYR,var,1,2026-02-17,4245
100789,Mercedes,C 180,1999,2.4,439141,Benzin,Mexaniki,Offroader,Qara,Bakı,Xeyr,Xeyr,,02.07.2026,3047
100189,Chevrolet,Aveo,2005,1.6,356871,Dizel,Avtomat,Universal,Mavi,Lənkəran,Xeyr,Xeyr,2,2026-01-20,3 342
100649,Kia,Sorento,2003,1.8,390217,Dizel,Mexaniki,Offroader,Boz,Bakı,Bəli,Bəli,2,28.07.2026,2200
100875,LADA,2107,2014,1.7,122834,Benzin,Avtomat,Universal,Qırmızı,Bakı,Xeyr,Bəli,1,18/02/2026,5469
100883,Opel,Insignia,2014,2.0,186482,Qaz,Avtomat,Offroader,Qırmızı,Bakı,Bəli,Xeyr,4+,2026-05-18,8 293
100781,BMW,320,2009,1.5,263454,Dizel,Avtomat,Sedan,Yaşıl,Sumqayıt,Xeyr,Xeyr,2,2026-01-14,8663
100829,Toyota,Corolla,2014,2.4,209721,Hibrid,Mexaniki,Universal,Ağ,Bakı,Xeyr,Xeyr,1,2026-06-27,16309
100529, LADA,Niva,2008,1.7,306473 km,Benzin,Avtomat,Offroader,Gümüşü,Bakı,Xeyr,,3,2026-05-30,2809
100757,Hyundai,Elantra,2013,3.5,244180 km,Benzin,Avtomat,Offroader,,Bakı,Bəli,Bəli,2,2026-06-09,11 886
100497,BMW,520,2011,2.5,9999999,Qaz,Avtomat,Sedan,Qəhvəyi,Bakı ,Xeyr,Xeyr,4+,2026-08-07,10453
100268, LADA,2107,2012,1.6,154181 km,Benzin,Mexaniki,Hetçbek,,Bakı,Xeyr,Xeyr,1,02.08.2026,3602
100871,Hyundai,Accent,2013,2.0,141945,Benzin,Mexaniki,Sedan,Ağ,Bakı,yoxdur,BƏLİ,3,14.02.2026,10 647
100335,Nissan,Qashqai,1999,4.0,363915,Benzin,Mexaniki,Universal,Qəhvəyi,Naxçıvan,Xeyr,Xeyr,2,26.08.2026,2846
100394,Toyota,Camry,2010,4.0,284721,Benzin,Avtomat,,Gümüşü,Bakı,Bəli,Xeyr,1,2026-01-17,11176
100453,BMW,116,2015,2.0,303410,Benzin,Mexaniki,Offroader,Ağ,Sumqayıt,Xeyr,Xeyr,2,29/06/2026,18418
100654,Toyota,Prado,2007,,370739,Benzin,Mexaniki,Hetçbek,Yaşıl,Sumqayıt,Xeyr,Bəli,1,2026-07-22,5 908
100632,Nissan,Sunny,2020,3.0,67171,Benzin,Avtomat,Furqon,Qırmızı,Salyan,Xeyr,Bəli,1,08/06/2026,"25,777"
100923,TOYOTA,Yaris,2015,2.0,220549,Qaz,Mexaniki,Sedan,Ağ,  Sumqayıt ,xeyr,BƏLİ,3,2026-01-07,11819
100060,Mercedes,S 500,2009,2.4,372161,Dizel,Robot,Universal,Yaşıl,SALYAN,Xeyr,Bəli,2,08/06/2026,7715
100697,BMW,730,2011,4.0,247999,Dizel,Avtomat,Hetçbek,Gümüşü,bakı,Xeyr,Xeyr,1,15.06.2026,16405
100908,Kia,Rio,2009,1.5,297039 km,Benzin,Avtomat,Offroader,Qırmızı,Bakı,Xeyr,Xeyr,1,2026-03-20,7 187
100051,BMW,X5,2015,2.0,134490 km,Benzin,Avtomat,Sedan,Mavi,Gəncə,Xeyr,Xeyr,2,2026-05-31,"23,713"
100746,Hyundai,Sonata,2008,1.6,311813 km,Qaz,Avtomat,Sedan,Boz,XAÇMAZ,Xeyr,,4+,12.04.2026,4601
100868,LADA,2107,2020,,64745 km,Benzin,Avtomat,Sedan,Qara,Sumqayıt,Xeyr,Xeyr,1,2026-05-06,12531
100645,Chevrolet,Captiva,2006,1.8,,Dizel,Avtomat,Offroader,Qara,Bakı,Xeyr,Xeyr,,2026-04-18,4163
100637,Ford,Transit,2005,4.0,265874 km,Benzin,Mexaniki,Universal,Gümüşü,  Şirvan ,Xeyr,Bəli,2,2026-06-16,5179
